1.187791931442916393e-03,-1.685570552945137024e-02,1.023915290832519531e+00,-7.373931258916854858e-02,7.910837978124618530e-02,6.952034831047058105e-01,7.106310725212097168e-01,8.346172049641609192e-03,-3.071709536015987396e-02,-1.805802993476390839e-02,-3.280954062938690186e-01,-3.488893061876296997e-02,5.536305904388427734e-01,2.869029045104980469e-01,2.107999473810195923e-01,8.148753046989440918e-01,1.630042076110839844e+00,-1.423319727182388306e-01,-4.136428833007812500e-01,5.126291513442993164e-02,5.607489943504333496e-01,3.541859984397888184e-01,-1.238094270229339600e-01,8.286544680595397949e-01,1.657589793205261230e+00
6.897629937157034874e-04,-1.780341193079948425e-02,1.056987524032592773e+00,-6.879288703203201294e-02,7.344018667936325073e-02,6.954500675201416016e-01,7.114937305450439453e-01,1.066554803401231766e-02,-2.840745262801647186e-02,-1.408151816576719284e-02,-2.991681098937988281e-01,-2.736121788620948792e-02,6.274488568305969238e-01,2.183108180761337280e-01,2.040773630142211914e-01,9.708925485610961914e-01,1.941950440406799316e+00,-1.401481777429580688e-01,-3.802196681499481201e-01,4.176418855786323547e-02,6.332816481590270996e-01,2.588928639888763428e-01,-1.199797689914703369e-01,9.846242666244506836e-01,1.969412922859191895e+00
7.600613753311336040e-04,-1.792432181537151337e-02,1.060389399528503418e+00,-7.783523947000503540e-02,8.373486995697021484e-02,6.930088996887207031e-01,7.118067145347595215e-01,1.086555980145931244e-02,-2.924959361553192139e-02,-1.506842672824859619e-02,-3.329233527183532715e-01,-2.548403106629848480e-02,6.372984647750854492e-01,2.124670594930648804e-01,2.036281526088714600e-01,9.943358898162841797e-01,1.988826990127563477e+00,-1.354065537452697754e-01,-4.153844118118286133e-01,4.216361045837402344e-02,6.442528367042541504e-01,2.513076364994049072e-01,-1.203391849994659424e-01,1.011364579200744629e+00,2.022881507873535156e+00
7.801703177392482758e-04,-1.781950704753398895e-02,1.063105821609497070e+00,-8.195907622575759888e-02,8.867095410823822021e-02,6.914865374565124512e-01,7.122265100479125977e-01,1.170234195888042450e-02,-2.967878244817256927e-02,-1.124499272555112839e-02,-3.493344783782958984e-01,-2.575155347585678101e-02,6.446315646171569824e-01,2.140210568904876709e-01,2.026102840900421143e-01,1.012349843978881836e+00,2.024847745895385742e+00,-1.339050829410552979e-01,-4.325821399688720703e-01,4.254630953073501587e-02,6.522921919822692871e-01,2.530525326728820801e-01,-1.202169358730316162e-01,1.031700015068054199e+00,2.063544511795043945e+00
8.235345594584941864e-04,-1.743897050619125366e-02,1.065288305282592773e+00,-8.422333002090454102e-02,9.149511903524398804e-02,6.903280019760131836e-01,7.127287983894348145e-01,1.261760760098695755e-02,-3.011283092200756073e-02,-5.749882664531469345e-03,-3.584221899509429932e-01,-2.712656930088996887e-02,6.501855254173278809e-01,2.163341939449310303e-01,2.009244263172149658e-01,1.026343345642089844e+00,2.052829742431640625e+00,-1.334498375654220581e-01,-4.425523579120635986e-01,4.300424084067344666e-02,6.583025455474853516e-01,2.560032606124877930e-01,-1.195978671312332153e-01,1.047361016273498535e+00,2.094861268997192383e+00
7.562161190435290337e-04,-1.695375330746173859e-02,1.067034125328063965e+00,-8.563447743654251099e-02,9.333770722150802612e-02,6.893405318260192871e-01,7.132772803306579590e-01,1.385516673326492310e-02,-3.069623373448848724e-02,1.749981456669047475e-04,-3.640431463718414307e-01,-2.884146384894847870e-02,6.544623970985412598e-01,2.179601490497589111e-01,1.987287849187850952e-01,1.037340641021728516e+00,2.074820756912231445e+00,-1.332630664110183716e-01,-4.490120410919189453e-01,4.345760866999626160e-02,6.629039645195007324e-01,2.580863237380981445e-01,-1.186380013823509216e-01,1.059640049934387207e+00,2.119415760040283203e+00
6.227787816897034645e-04,-1.827373355627059937e-02,1.067253947257995605e+00,-8.675832301378250122e-02,9.523747861385345459e-02,6.882658600807189941e-01,7.139278054237365723e-01,1.541318930685520172e-02,-3.151545301079750061e-02,4.878650885075330734e-03,-3.725699186325073242e-01,-3.009944409132003784e-02,6.568404436111450195e-01,2.231132686138153076e-01,1.970493942499160767e-01,1.043549776077270508e+00,2.087239027023315430e+00,-1.334706395864486694e-01,-4.598315358161926270e-01,4.355049878358840942e-02,6.660230755805969238e-01,2.638642787933349609e-01,-1.177650541067123413e-01,1.068124413490295410e+00,2.136384963989257812e+00
6.336746737360954285e-04,-1.812066510319709778e-02,1.068055629730224609e+00,-8.826209604740142822e-02,9.694831073284149170e-02,6.875106096267700195e-01,7.142408490180969238e-01,1.705246604979038239e-02,-3.255138918757438660e-02,9.893734008073806763e-03,-3.788020908832550049e-01,-3.292537480592727661e-02,6.589424610137939453e-01,2.266645133495330811e-01,1.942158937454223633e-01,1.049085855484008789e+00,2.098309993743896484e+00,-1.335306465625762939e-01,-4.664281904697418213e-01,4.451787471771240234e-02,6.686871647834777832e-01,2.683738768100738525e-01,-1.166857853531837463e-01,1.075467586517333984e+00,2.151070117950439453e+00
5.649976665154099464e-04,-1.814317144453525543e-02,1.068775415420532227e+00,-8.947182446718215942e-02,9.836824983358383179e-02,6.869005560874938965e-01,7.144831418991088867e-01,1.853425055742263794e-02,-3.367975354194641113e-02,1.519137714058160782e-02,-3.839429020881652832e-01,-3.478527441620826721e-02,6.608313918113708496e-01,2.287957817316055298e-01,1.909158080816268921e-01,1.054106235504150391e+00,2.108349800109863281e+00,-1.339527219533920288e-01,-4.707154333591461182e-01,4.441395029425621033e-02,6.709477901458740234e-01,2.713543772697448730e-01,-1.156786009669303894e-01,1.081777930259704590e+00,2.163689613342285156e+00
4.560113593470305204e-04,-1.809283904731273651e-02,1.069425821304321289e+00,-9.048196673393249512e-02,9.965298324823379517e-02,6.865429878234863281e-01,7.145215272903442383e-01,1.999377645552158356e-02,-3.511817753314971924e-02,1.991269923746585846e-02,-3.883625864982604980e-01,-3.673864156007766724e-02,6.625239253044128418e-01,2.297711074352264404e-01,1.872490048408508301e-01,1.058642387390136719e+00,2.117421150207519531e+00,-1.341935545206069946e-01,-4.751025438308715820e-01,4.464615881443023682e-02,6.729047298431396484e-01,2.732710540294647217e-01,-1.146241575479507446e-01,1.087300419807434082e+00,2.174733400344848633e+00
3.238057834096252918e-04,-1.820514909923076630e-02,1.069961786270141602e+00,-9.152014553546905518e-02,1.009442359209060669e-01,6.863214373588562012e-01,7.144208550453186035e-01,2.146205492317676544e-02,-3.680623322725296021e-02,2.419949322938919067e-02,-3.929514884948730469e-01,-3.866630420088768005e-02,6.640523076057434082e-01,2.301322966814041138e-01,1.835006475448608398e-01,1.062770009040832520e+00,2.125675678253173828e+00,-1.345932334661483765e-01,-4.796056151390075684e-01,4.493398964405059814e-02,6.746050715446472168e-01,2.747254669666290283e-01,-1.138009056448936462e-01,1.092146158218383789e+00,2.184424161911010742e+00
1.190441471408121288e-04,-1.843741722404956818e-02,1.070441484451293945e+00,-9.261774271726608276e-02,1.022545620799064636e-01,6.862331628799438477e-01,7.141778469085693359e-01,2.291695587337017059e-02,-3.864439949393272400e-02,2.811355888843536377e-02,-3.976883590221405029e-01,-4.068731144070625305e-02,6.654382348060607910e-01,2.301543205976486206e-01,1.799256205558776855e-01,1.066539168357849121e+00,2.133213281631469727e+00,-1.351710259914398193e-01,-4.841191470623016357e-01,4.521917924284934998e-02,6.761042475700378418e-01,2.759657204151153564e-01,-1.130215749144554138e-01,1.096455335617065430e+00,2.193041801452636719e+00
-1.519779034424573183e-04,-1.870883069932460785e-02,1.070877790451049805e+00,-9.371542185544967651e-02,1.036261245608329773e-01,6.861838102340698242e-01,7.138843536376953125e-01,2.441782876849174500e-02,-4.073452204465866089e-02,3.151070326566696167e-02,-4.024512171745300293e-01,-4.283488169312477112e-02,6.666963100433349609e-01,2.299918979406356812e-01,1.765810996294021606e-01,1.069982409477233887e+00,2.140099048614501953e+00,-1.362069398164749146e-01,-4.886015355587005615e-01,4.547443985939025879e-02,6.774525046348571777e-01,2.769915163516998291e-01,-1.123281568288803101e-01,1.100360870361328125e+00,2.200852394104003906e+00
-4.813462728634476662e-04,-1.894718594849109650e-02,1.071299076080322266e+00,-9.470132738351821899e-02,1.050245016813278198e-01,6.860338449478149414e-01,7.136939167976379395e-01,2.593627013266086578e-02,-4.278603568673133850e-02,3.431161493062973022e-02,-4.069387912750244141e-01,-4.501800984144210815e-02,6.678352355957031250e-01,2.296897917985916138e-01,1.733926832675933838e-01,1.073118209838867188e+00,2.146370410919189453e+00,-1.376536637544631958e-01,-4.929233789443969727e-01,4.570909589529037476e-02,6.786802411079406738e-01,2.777571380138397217e-01,-1.118435561656951904e-01,1.103943109512329102e+00,2.208016633987426758e+00
-7.843373459763824940e-04,-1.914243586361408234e-02,1.071672677993774414e+00,-9.563863277435302734e-02,1.064126119017601013e-01,6.858710646629333496e-01,7.135198116302490234e-01,2.739012800157070160e-02,-4.447317495942115784e-02,3.678702563047409058e-02,-4.113509356975555420e-01,-4.705164209008216858e-02,6.688622832298278809e-01,2.292533814907073975e-01,1.703735291957855225e-01,1.075961709022521973e+00,2.152056694030761719e+00,-1.390960365533828735e-01,-4.971730709075927734e-01,4.589804261922836304e-02,6.798002123832702637e-01,2.783028781414031982e-01,-1.113563999533653259e-01,1.107233405113220215e+00,2.214596748352050781e+00
-1.055272994562983513e-03,-1.933024451136589050e-02,1.071960687637329102e+00,-9.656108170747756958e-02,1.077288538217544556e-01,6.856941580772399902e-01,7.133680582046508789e-01,2.871244214475154877e-02,-4.559193924069404602e-02,3.901987522840499878e-02,-4.157638847827911377e-01,-4.882550239562988281e-02,6.697769761085510254e-01,2.289103865623474121e-01,1.676132678985595703e-01,1.078507304191589355e+00,2.157147407531738281e+00,-1.401367485523223877e-01,-5.013626813888549805e-01,4.604293033480644226e-02,6.808188557624816895e-01,2.787806391716003418e-01,-1.108832284808158875e-01,1.110245227813720703e+00,2.220619916915893555e+00
-1.400399953126907349e-03,-1.948318444192409515e-02,1.072152495384216309e+00,-9.749955683946609497e-02,1.089346036314964294e-01,6.854816079139709473e-01,7.132615447044372559e-01,2.990350872278213501e-02,-4.617182537913322449e-02,4.111054167151451111e-02,-4.201068580150604248e-01,-5.036008730530738831e-02,6.705806255340576172e-01,2.288299351930618286e-01,1.651977300643920898e-01,1.080754399299621582e+00,2.161641120910644531e+00,-1.407535374164581299e-01,-5.054913759231567383e-01,4.612656310200691223e-02,6.817405223846435547e-01,2.793289422988891602e-01,-1.105162054300308228e-01,1.112986803054809570e+00,2.226102828979492188e+00
-1.823008991777896881e-03,-1.956718787550926208e-02,1.072283148765563965e+00,-9.842960536479949951e-02,1.100587695837020874e-01,6.851838231086730957e-01,7.132474184036254883e-01,3.087306395173072815e-02,-4.631772264838218689e-02,4.295695200562477112e-02,-4.242739081382751465e-01,-5.163772404193878174e-02,6.712821125984191895e-01,2.289539724588394165e-01,1.629636585712432861e-01,1.082723975181579590e+00,2.165579795837402344e+00,-1.410506665706634521e-01,-5.095589756965637207e-01,4.609302058815956116e-02,6.825654506683349609e-01,2.799348533153533936e-01,-1.103665977716445923e-01,1.115453839302062988e+00,2.231036424636840820e+00
-2.228790428489446640e-03,-1.971949264407157898e-02,1.072371840476989746e+00,-9.924654662609100342e-02,1.110109686851501465e-01,6.849129199981689453e-01,7.132467627525329590e-01,3.164320066571235657e-02,-4.619265720248222351e-02,4.486687481403350830e-02,-4.281470477581024170e-01,-5.270163342356681824e-02,6.718819737434387207e-01,2.291836142539978027e-01,1.607135236263275146e-01,1.084414243698120117e+00,2.168960094451904297e+00,-1.412417888641357422e-01,-5.131767988204956055e-01,4.601912945508956909e-02,6.833069920539855957e-01,2.806017994880676270e-01,-1.103523150086402893e-01,1.117682337760925293e+00,2.235492944717407227e+00
-2.580594969913363457e-03,-1.981044374406337738e-02,1.072385668754577637e+00,-9.994103014469146729e-02,1.117821335792541504e-01,6.846576929092407227e-01,7.132744193077087402e-01,3.213663026690483093e-02,-4.569957777857780457e-02,4.702938348054885864e-02,-4.316250383853912354e-01,-5.359102040529251099e-02,6.723731160163879395e-01,2.295447587966918945e-01,1.583979874849319458e-01,1.085803151130676270e+00,2.171737432479858398e+00,-1.414006054401397705e-01,-5.162051916122436523e-01,4.595725983381271362e-02,6.839744448661804199e-01,2.814624309539794922e-01,-1.104159802198410034e-01,1.119697093963623047e+00,2.239522218704223633e+00
-2.875701524317264557e-03,-1.978589966893196106e-02,1.072344660758972168e+00,-1.004590913653373718e-01,1.123583763837814331e-01,6.843925118446350098e-01,7.133656144142150879e-01,3.227024525403976440e-02,-4.507974535226821899e-02,4.915421456098556519e-02,-4.344584941864013672e-01,-5.432543531060218811e-02,6.727588772773742676e-01,2.300661802291870117e-01,1.560760140419006348e-01,1.086897492408752441e+00,2.173925876617431641e+00,-1.415034681558609009e-01,-5.186622738838195801e-01,4.582659155130386353e-02,6.845558285713195801e-01,2.825588285923004150e-01,-1.104381382465362549e-01,1.121460080146789551e+00,2.243047714233398438e+00
-3.258691402152180672e-03,-1.964199542999267578e-02,1.072256684303283691e+00,-1.008403897285461426e-01,1.127206161618232727e-01,6.842166781425476074e-01,7.134232521057128906e-01,3.210967779159545898e-02,-4.448650032281875610e-02,5.121503025293350220e-02,-4.366128444671630859e-01,-5.495203658938407898e-02,6.730328798294067383e-01,2.307478934526443481e-01,1.538645625114440918e-01,1.087677478790283203e+00,2.175485610961914062e+00,-1.415335386991500854e-01,-5.204797387123107910e-01,4.551417008042335510e-02,6.850547790527343750e-01,2.839360535144805908e-01,-1.103489398956298828e-01,1.122978806495666504e+00,2.246084928512573242e+00
-3.739592153578996658e-03,-1.930350065231323242e-02,1.072185635566711426e+00,-1.011387035250663757e-01,1.129432916641235352e-01,6.841110587120056152e-01,7.134471535682678223e-01,3.183220699429512024e-02,-4.398136585950851440e-02,5.295035988092422485e-02,-4.380820393562316895e-01,-5.547302961349487305e-02,6.732082962989807129e-01,2.313400804996490479e-01,1.516902148723602295e-01,1.088178515434265137e+00,2.176487207412719727e+00,-1.414376497268676758e-01,-5.216047167778015137e-01,4.497302696108818054e-02,6.854811906814575195e-01,2.855106592178344727e-01,-1.100366339087486267e-01,1.124280452728271484e+00,2.248688220977783203e+00
-4.293787758797407150e-03,-1.876183226704597473e-02,1.072137236595153809e+00,-1.012608557939529419e-01,1.131728366017341614e-01,6.839606761932373047e-01,7.135376334190368652e-01,3.166915848851203918e-02,-4.349092394113540649e-02,5.432304367423057556e-02,-4.379534423351287842e-01,-5.535273998975753784e-02,6.732709407806396484e-01,2.315431684255599976e-01,1.497733592987060547e-01,1.088359832763671875e+00,2.176849603652954102e+00,-1.414060443639755249e-01,-5.223312377929687500e-01,4.403010383248329163e-02,6.858538985252380371e-01,2.870601117610931396e-01,-1.095445901155471802e-01,1.125421524047851562e+00,2.250969886779785156e+00
-4.934499505907297134e-03,-1.808873750269412994e-02,1.072063326835632324e+00,-1.012513116002082825e-01,1.129925027489662170e-01,6.839219927787780762e-01,7.136046290397644043e-01,3.145068138837814331e-02,-4.356234148144721985e-02,5.510117113590240479e-02,-4.378118813037872314e-01,-5.578291043639183044e-02,6.732499599456787109e-01,2.315289378166198730e-01,1.477477550506591797e-01,1.088303446769714355e+00,2.176736593246459961e+00,-1.411646008491516113e-01,-5.220571160316467285e-01,4.310592636466026306e-02,6.861525177955627441e-01,2.882281541824340820e-01,-1.090274378657341003e-01,1.126338481903076172e+00,2.252803564071655273e+00
-5.668188910931348801e-03,-1.740402542054653168e-02,1.071995854377746582e+00,-1.011857837438583374e-01,1.126387342810630798e-01,6.840980648994445801e-01,7.135010957717895508e-01,3.120818547904491425e-02,-4.407231509685516357e-02,5.563909560441970825e-02,-4.372358322143554688e-01,-5.610700696706771851e-02,6.731489300727844238e-01,2.312431335449218750e-01,1.459211260080337524e-01,1.088020086288452148e+00,2.176169395446777344e+00,-1.407416015863418579e-01,-5.213968753814697266e-01,4.192981868982315063e-02,6.863772273063659668e-01,2.889154255390167236e-01,-1.086192205548286438e-01,1.127030491828918457e+00,2.254187583923339844e+00
-6.400292273610830307e-03,-1.664477400481700897e-02,1.071899533271789551e+00,-1.010694876313209534e-01,1.121348887681961060e-01,6.844049692153930664e-01,7.133025527000427246e-01,3.109196946024894714e-02,-4.465669021010398865e-02,5.602700263261795044e-02,-4.362210631370544434e-01,-5.632990971207618713e-02,6.729685068130493164e-01,2.309582233428955078e-01,1.442764550447463989e-01,1.087511777877807617e+00,2.175152540206909180e+00,-1.402164250612258911e-01,-5.202994942665100098e-01,4.059448465704917908e-02,6.865264177322387695e-01,2.894287407398223877e-01,-1.083033755421638489e-01,1.127491831779479980e+00,2.255109786987304688e+00
-7.175422739237546921e-03,-1.594384387135505676e-02,1.071721315383911133e+00,-1.008082851767539978e-01,1.114866435527801514e-01,6.847480535507202148e-01,7.131118178367614746e-01,3.132401779294013977e-02,-4.513408988714218140e-02,5.648402497172355652e-02,-4.360670447349548340e-01,-5.615762248635292053e-02,6.727585196495056152e-01,2.311003655195236206e-01,1.426509171724319458e-01,1.086919546127319336e+00,2.173968076705932617e+00,-1.396923661231994629e-01,-5.187801718711853027e-01,3.909802436828613281e-02,6.865782737731933594e-01,2.899494171142578125e-01,-1.080912575125694275e-01,1.127654552459716797e+00,2.255434989929199219e+00
-8.009563200175762177e-03,-1.534339226782321930e-02,1.071625947952270508e+00,-1.008029133081436157e-01,1.110504791140556335e-01,6.850485801696777344e-01,7.128919959068298340e-01,3.199403733015060425e-02,-4.533129557967185974e-02,5.664705485105514526e-02,-4.352656304836273193e-01,-5.609373748302459717e-02,6.725082993507385254e-01,2.311232537031173706e-01,1.408578455448150635e-01,1.086213707923889160e+00,2.172556161880493164e+00,-1.391537040472030640e-01,-5.178770422935485840e-01,3.785624727606773376e-02,6.865833401679992676e-01,2.903461456298828125e-01,-1.080650463700294495e-01,1.127672195434570312e+00,2.255470037460327148e+00
-8.865269832313060760e-03,-1.487208809703588486e-02,1.071529626846313477e+00,-1.009627655148506165e-01,1.107305586338043213e-01,6.854252219200134277e-01,7.125570178031921387e-01,3.310967609286308289e-02,-4.544470086693763733e-02,5.660998448729515076e-02,-4.349357485771179199e-01,-5.595261603593826294e-02,6.722388863563537598e-01,2.309252321720123291e-01,1.387350559234619141e-01,1.085453867912292480e+00,2.171036481857299805e+00,-1.384788155555725098e-01,-5.173379778861999512e-01,3.666697442531585693e-02,6.865593791007995605e-01,2.905766367912292480e-01,-1.082737967371940613e-01,1.127599716186523438e+00,2.255325078964233398e+00
-9.693492203950881958e-03,-1.457751821726560593e-02,1.071427106857299805e+00,-1.012690290808677673e-01,1.105752140283584595e-01,6.858609318733215332e-01,7.121183276176452637e-01,3.435242176055908203e-02,-4.562560841441154480e-02,5.619384348392486572e-02,-4.352763891220092773e-01,-5.574723333120346069e-02,6.719706654548645020e-01,2.305982112884521484e-01,1.363121718168258667e-01,1.084697961807250977e+00,2.169524669647216797e+00,-1.376306563615798950e-01,-5.174210071563720703e-01,3.544469550251960754e-02,6.865141987800598145e-01,2.904302477836608887e-01,-1.088074743747711182e-01,1.127461791038513184e+00,2.255048990249633789e+00
-1.052836608141660690e-02,-1.444558706134557724e-02,1.071220517158508301e+00,-1.018069684505462646e-01,1.106221005320549011e-01,6.863666176795959473e-01,7.115468978881835938e-01,3.551426902413368225e-02,-4.592628777027130127e-02,5.546577274799346924e-02,-4.367359876632690430e-01,-5.548728257417678833e-02,6.717042922973632812e-01,2.303116172552108765e-01,1.337759047746658325e-01,1.083948254585266113e+00,2.168025016784667969e+00,-1.364920139312744141e-01,-5.183814167976379395e-01,3.420196473598480225e-02,6.864534020423889160e-01,2.901129722595214844e-01,-1.097156330943107605e-01,1.127275824546813965e+00,2.254676818847656250e+00
-1.141717936843633652e-02,-1.439526118338108063e-02,1.070885896682739258e+00,-1.027636229991912842e-01,1.109958142042160034e-01,6.869067549705505371e-01,7.108295559883117676e-01,3.657858446240425110e-02,-4.617974907159805298e-02,5.444706976413726807e-02,-4.398356378078460693e-01,-5.509572848677635193e-02,6.714395880699157715e-01,2.300464659929275513e-01,1.310550123453140259e-01,1.083204150199890137e+00,2.166536808013916016e+00,-1.349199563264846802e-01,-5.206558108329772949e-01,3.293866291642189026e-02,6.863868236541748047e-01,2.899401783943176270e-01,-1.108528524637222290e-01,1.127071738243103027e+00,2.254268646240234375e+00
-1.229391153901815414e-02,-1.444292999804019928e-02,1.070437431335449219e+00,-1.041886135935783386e-01,1.118583902716636658e-01,6.873145103454589844e-01,7.100923657417297363e-01,3.744263574481010437e-02,-4.611471667885780334e-02,5.294857546687126160e-02,-4.447674155235290527e-01,-5.455196648836135864e-02,6.711844205856323242e-01,2.299453020095825195e-01,1.281379312276840210e-01,1.082487463951110840e+00,2.165103435516357422e+00,-1.329684555530548096e-01,-5.246477723121643066e-01,3.170645982027053833e-02,6.863252520561218262e-01,2.901355922222137451e-01,-1.122515276074409485e-01,1.126882791519165039e+00,2.253890752792358398e+00
-1.312431879341602325e-02,-1.476899255067110062e-02,1.069954037666320801e+00,-1.061045974493026733e-01,1.132319867610931396e-01,6.876896619796752930e-01,7.092272639274597168e-01,3.804625570774078369e-02,-4.574669152498245239e-02,5.096449702978134155e-02,-4.516323506832122803e-01,-5.391554534435272217e-02,6.709536910057067871e-01,2.301193624734878540e-01,1.252373307943344116e-01,1.081839680671691895e+00,2.163807630538940430e+00,-1.305781304836273193e-01,-5.304381251335144043e-01,3.064176440238952637e-02,6.862898468971252441e-01,2.905744314193725586e-01,-1.141034513711929321e-01,1.126772999763488770e+00,2.253671169281005859e+00
-1.390197873115539551e-02,-1.550927944481372833e-02,1.069298267364501953e+00,-1.086375489830970764e-01,1.151923239231109619e-01,6.880742311477661133e-01,7.081542611122131348e-01,3.842691704630851746e-02,-4.510052502155303955e-02,4.825992882251739502e-02,-4.610931873321533203e-01,-5.300295352935791016e-02,6.707620024681091309e-01,2.309184968471527100e-01,1.223448142409324646e-01,1.081301331520080566e+00,2.162731170654296875e+00,-1.276507079601287842e-01,-5.386883020401000977e-01,2.971721813082695007e-02,6.862857937812805176e-01,2.913927733898162842e-01,-1.165885180234909058e-01,1.126759171485900879e+00,2.253643512725830078e+00
-1.466919481754302979e-02,-1.674961298704147339e-02,1.068320870399475098e+00,-1.122904196381568909e-01,1.181098595261573792e-01,6.884455680847167969e-01,7.067415714263916016e-01,3.859803080558776855e-02,-4.412819817662239075e-02,4.460881650447845459e-02,-4.748708307743072510e-01,-5.164875090122222900e-02,6.706151366233825684e-01,2.329725921154022217e-01,1.196017712354660034e-01,1.080888628959655762e+00,2.161905765533447266e+00,-1.237964257597923279e-01,-5.509214401245117188e-01,2.892269939184188843e-02,6.863343119621276855e-01,2.929957509040832520e-01,-1.196511611342430115e-01,1.126905560493469238e+00,2.253936052322387695e+00
-1.558714546263217926e-02,-1.868914626538753510e-02,1.066981434822082520e+00,-1.176819279789924622e-01,1.224410980939865112e-01,6.887046694755554199e-01,7.048723697662353516e-01,3.860460966825485229e-02,-4.252325370907783508e-02,3.977594524621963501e-02,-4.950391054153442383e-01,-4.960640892386436462e-02,6.705454587936401367e-01,2.361851781606674194e-01,1.170254722237586975e-01,1.080690503120422363e+00,2.161509513854980469e+00,-1.185443177819252014e-01,-5.689072012901306152e-01,2.821984514594078064e-02,6.864933371543884277e-01,2.953811585903167725e-01,-1.232489272952079773e-01,1.127388715744018555e+00,2.254902601242065430e+00
-1.684275269508361816e-02,-2.174329571425914764e-02,1.065074801445007324e+00,-1.250625699758529663e-01,1.285021007061004639e-01,6.886925101280212402e-01,7.025305628776550293e-01,3.790739923715591431e-02,-3.988919034600257874e-02,3.309255838394165039e-02,-5.232558846473693848e-01,-4.662160202860832214e-02,6.705654859542846680e-01,2.406075149774551392e-01,1.146898791193962097e-01,1.080742001533508301e+00,2.161612510681152344e+00,-1.113588511943817139e-01,-5.942800641059875488e-01,2.719551511108875275e-02,6.868363618850708008e-01,2.988376319408416748e-01,-1.279396563768386841e-01,1.128434658050537109e+00,2.256994724273681641e+00
-1.873167231678962708e-02,-2.438330277800559998e-02,1.062533974647521973e+00,-1.350341588258743286e-01,1.364197432994842529e-01,6.884347796440124512e-01,6.994376182556152344e-01,3.592456504702568054e-02,-3.556162491440773010e-02,2.578659355640411377e-02,-5.588334798812866211e-01,-4.337557405233383179e-02,6.703084111213684082e-01,2.410678416490554810e-01,1.111428514122962952e-01,1.080014348030090332e+00,2.160155296325683594e+00,-1.031648516654968262e-01,-6.254149675369262695e-01,2.657022327184677124e-02,6.866188645362854004e-01,2.998488247394561768e-01,-1.352639347314834595e-01,1.127746939659118652e+00,2.255616426467895508e+00
-2.099021151661872864e-02,-2.961539290845394135e-02,1.057714819908142090e+00,-1.460667401552200317e-01,1.456956714391708374e-01,6.877403259277343750e-01,6.960248351097106934e-01,3.362800925970077515e-02,-2.983430773019790649e-02,1.678593270480632782e-02,-6.045087575912475586e-01,-3.900105133652687073e-02,6.699942350387573242e-01,2.489513456821441650e-01,1.079408749938011169e-01,1.079137682914733887e+00,2.158401966094970703e+00,-9.449843317270278931e-02,-6.676713228225708008e-01,2.414508163928985596e-02,6.868423819541931152e-01,3.082090914249420166e-01,-1.421308666467666626e-01,1.128422856330871582e+00,2.256969451904296875e+00
-2.336028777062892914e-02,-3.554448857903480530e-02,1.050512552261352539e+00,-1.589548140764236450e-01,1.569740176200866699e-01,6.866461038589477539e-01,6.918162107467651367e-01,3.204013779759407043e-02,-2.348010241985321045e-02,7.480653002858161926e-03,-6.600749492645263672e-01,-3.440012782812118530e-02,6.694757938385009766e-01,2.638656497001647949e-01,1.048801839351654053e-01,1.077698469161987305e+00,2.155522823333740234e+00,-8.687665313482284546e-02,-7.199573516845703125e-01,2.078167535364627838e-02,6.872270107269287109e-01,3.240441679954528809e-01,-1.475424021482467651e-01,1.129604101181030273e+00,2.259331941604614258e+00
-2.565872855484485626e-02,-4.206660762429237366e-02,1.041779160499572754e+00,-1.653766632080078125e-01,1.579120606184005737e-01,6.896424889564514160e-01,6.871008276939392090e-01,2.547942101955413818e-02,-1.472981460392475128e-02,-2.230459824204444885e-03,-6.909208297729492188e-01,-2.530576102435588837e-02,6.680789589881896973e-01,2.813586592674255371e-01,1.002361029386520386e-01,1.073854923248291016e+00,2.147832632064819336e+00,-8.120573312044143677e-02,-7.417648434638977051e-01,1.813955605030059814e-02,6.868618130683898926e-01,3.318394422531127930e-01,-1.529398113489151001e-01,1.128504276275634766e+00,2.257129669189453125e+00
-2.754983492195606232e-02,-4.902071878314018250e-02,1.029560208320617676e+00,-1.658627837896347046e-01,1.509056538343429565e-01,6.957782506942749023e-01,6.823559999465942383e-01,1.274448540061712265e-02,-3.116798587143421173e-03,-1.226576417684555054e-02,-7.012647986412048340e-01,-1.442390680313110352e-02,6.623822450637817383e-01,3.025952577590942383e-01,9.117164462804794312e-02,1.058377504348754883e+00,2.116873502731323242e+00,-8.186721801757812500e-02,-7.417650222778320312e-01,1.948090456426143646e-02,6.821157336235046387e-01,3.463370501995086670e-01,-1.624906212091445923e-01,1.114156961441040039e+00,2.228431463241577148e+00
-2.823601663112640381e-02,-5.546873062849044800e-02,1.010410904884338379e+00,-1.648107469081878662e-01,1.429978758096694946e-01,7.026945352554321289e-01,6.772070527076721191e-01,-2.076115459203720093e-03,8.658434264361858368e-03,-2.584243938326835632e-02,-7.107878923416137695e-01,-2.614020137116312981e-03,6.485222578048706055e-01,3.352996706962585449e-01,7.929614931344985962e-02,1.022327423095703125e+00,2.044771671295166016e+00,-9.212964773178100586e-02,-7.417650222778320312e-01,2.663909830152988434e-02,6.687142848968505859e-01,3.822389841079711914e-01,-1.704230904579162598e-01,1.075662732124328613e+00,2.151440858840942383e+00
-2.793114446103572845e-02,-6.079054251313209534e-02,9.842320680618286133e-01,-1.627934128046035767e-01,1.337378025054931641e-01,7.106430530548095703e-01,6.712666749954223633e-01,-1.649646274745464325e-02,1.991124823689460754e-02,-4.312480613589286804e-02,-7.195554375648498535e-01,1.190664432942867279e-02,6.269238591194152832e-01,3.786365687847137451e-01,6.979840248823165894e-02,9.700210094451904297e-01,1.940158724784851074e+00,-1.081383153796195984e-01,-7.417650222778320312e-01,3.721179813146591187e-02,6.465957760810852051e-01,4.259460270404815674e-01,-1.710686236619949341e-01,1.017491579055786133e+00,2.035098314285278320e+00
-2.662441879510879517e-02,-6.467288732528686523e-02,9.521525502204895020e-01,-1.600702404975891113e-01,1.232424825429916382e-01,7.201195955276489258e-01,6.637895703315734863e-01,-3.269279003143310547e-02,3.233228251338005066e-02,-6.620089709758758545e-02,-7.272346615791320801e-01,2.999086678028106689e-02,5.999041199684143066e-01,4.318524301052093506e-01,6.316220760345458984e-02,9.097271561622619629e-01,1.819571614265441895e+00,-1.310732662677764893e-01,-7.417650222778320312e-01,5.020472779870033264e-02,6.179577112197875977e-01,4.686661362648010254e-01,-1.640277057886123657e-01,9.494562745094299316e-01,1.899028420448303223e+00
-2.460928820073604584e-02,-6.634379178285598755e-02,9.185613989830017090e-01,-1.578934341669082642e-01,1.128072142601013184e-01,7.303180098533630371e-01,6.549654603004455566e-01,-5.083294957876205444e-02,4.728228971362113953e-02,-9.367358684539794922e-02,-7.345086336135864258e-01,5.141112580895423889e-02,5.717660188674926758e-01,4.873251616954803467e-01,5.987055227160453796e-02,8.515529036521911621e-01,1.703223943710327148e+00,-1.592648923397064209e-01,-7.417650222778320312e-01,6.724339723587036133e-02,5.874363183975219727e-01,5.107580423355102539e-01,-1.562657654285430908e-01,8.834448456764221191e-01,1.767006516456604004e+00
-2.171635441482067108e-02,-6.507378071546554565e-02,8.867851495742797852e-01,-1.568882316350936890e-01,1.034753024578094482e-01,7.401648759841918945e-01,6.456274986267089844e-01,-6.913213431835174561e-02,6.345642358064651489e-02,-1.256055682897567749e-01,-7.405559420585632324e-01,7.699744403362274170e-02,5.450988411903381348e-01,5.403707027435302734e-01,6.000959873199462891e-02,7.997879385948181152e-01,1.599695563316345215e+00,-1.924138367176055908e-01,-7.417650222778320312e-01,8.853849023580551147e-02,5.575754046440124512e-01,5.523101091384887695e-01,-1.447881460189819336e-01,8.236472606658935547e-01,1.647413015365600586e+00
-1.747965253889560699e-02,-6.233198940753936768e-02,8.601183891296386719e-01,-1.563297659158706665e-01,9.549888223409652710e-02,7.485190629959106445e-01,6.373069882392883301e-01,-8.360738307237625122e-02,7.914199680089950562e-02,-1.598313599824905396e-01,-7.417650222778320312e-01,1.071475595235824585e-01,5.227528214454650879e-01,5.840723514556884766e-01,6.586115062236785889e-02,7.584524750709533691e-01,1.517026662826538086e+00,-2.269818931818008423e-01,-7.417650222778320312e-01,1.143257468938827515e-01,5.315893292427062988e-01,5.905866026878356934e-01,-1.299251168966293335e-01,7.745980620384216309e-01,1.549316763877868652e+00
-1.276844926178455353e-02,-5.994043126702308655e-02,8.427292108535766602e-01,-1.571973264217376709e-01,8.975454419851303101e-02,7.549909949302673340e-01,6.302552819252014160e-01,-9.249175339937210083e-02,9.212073683738708496e-02,-1.904030889272689819e-01,-7.417650222778320312e-01,1.381626576185226440e-01,5.091992020606994629e-01,6.118898987770080566e-01,7.350281625986099243e-02,7.341594696044921875e-01,1.468440651893615723e+00,-2.546379566192626953e-01,-7.417650222778320312e-01,1.397305428981781006e-01,5.152632594108581543e-01,6.133469343185424805e-01,-1.169777661561965942e-01,7.449632287025451660e-01,1.490047097206115723e+00
-9.107710793614387512e-03,-5.679087340831756592e-02,8.401860594749450684e-01,-1.608976423740386963e-01,8.866596221923828125e-02,7.588266134262084961e-01,6.248459815979003906e-01,-9.690230339765548706e-02,1.019513159990310669e-01,-2.152190208435058594e-01,-7.417650222778320312e-01,1.649145931005477905e-01,5.074796080589294434e-01,6.156648993492126465e-01,8.003924787044525146e-02,7.311096787452697754e-01,1.462343573570251465e+00,-2.733420431613922119e-01,-7.417650222778320312e-01,1.599114835262298584e-01,5.117830038070678711e-01,6.164775490760803223e-01,-1.090251728892326355e-01,7.387469410896301270e-01,1.477616429328918457e+00
-6.248028948903083801e-03,-5.224926769733428955e-02,8.572553992271423340e-01,-1.681720912456512451e-01,9.394776821136474609e-02,7.604129910469055176e-01,6.202129125595092773e-01,-9.498168528079986572e-02,1.087566018104553223e-01,-2.338393479585647583e-01,-7.417650222778320312e-01,1.844292432069778442e-01,5.184103846549987793e-01,5.953756570816040039e-01,8.755058795213699341e-02,7.505624890327453613e-01,1.501263976097106934e+00,-2.887068092823028564e-01,-7.417650222778320312e-01,1.770933568477630615e-01,5.212820172309875488e-01,6.041551828384399414e-01,-1.028886437416076660e-01,7.557506561279296875e-01,1.511637449264526367e+00
-3.724825335666537285e-03,-4.531695321202278137e-02,8.935750126838684082e-01,-1.798855662345886230e-01,1.057997271418571472e-01,7.595553398132324219e-01,6.160545945167541504e-01,-8.923052251338958740e-02,1.161774694919586182e-01,-2.412164360284805298e-01,-7.390580773353576660e-01,1.931605339050292969e-01,5.407364964485168457e-01,5.551034212112426758e-01,9.658081829547882080e-02,7.914105057716369629e-01,1.582986950874328613e+00,-2.965492904186248779e-01,-7.417650222778320312e-01,1.915039122104644775e-01,5.431025028228759766e-01,5.743630528450012207e-01,-9.877720475196838379e-02,7.958705425262451172e-01,1.591902971267700195e+00
-2.536444691941142082e-03,-3.417316824197769165e-02,9.432512521743774414e-01,-1.915626525878906250e-01,1.163490489125251770e-01,7.586312890052795410e-01,6.117557883262634277e-01,-8.641979098320007324e-02,1.252232789993286133e-01,-2.337756305932998657e-01,-7.179557085037231445e-01,1.862464696168899536e-01,5.660020709037780762e-01,5.049102306365966797e-01,1.098195314407348633e-01,8.396564126014709473e-01,1.679512500762939453e+00,-2.958652973175048828e-01,-7.187320590019226074e-01,2.022500336170196533e-01,5.688088536262512207e-01,5.307067036628723145e-01,-9.439256042242050171e-02,8.452504277229309082e-01,1.690694928169250488e+00
-2.540570218116044998e-03,-2.298082038760185242e-02,1.002768278121948242e+00,-1.979642957448959351e-01,1.237785592675209045e-01,7.584615945816040039e-01,6.084612011909484863e-01,-8.304771780967712402e-02,1.295019835233688354e-01,-2.043266892433166504e-01,-6.965448856353759766e-01,1.646261960268020630e-01,5.835785269737243652e-01,4.702211320400238037e-01,1.388505995273590088e-01,8.746796846389770508e-01,1.749588131904602051e+00,-2.983174622058868408e-01,-6.902944445610046387e-01,2.052243202924728394e-01,5.872750282287597656e-01,5.014535784721374512e-01,-1.007281541824340820e-01,8.823660612106323242e-01,1.764952659606933594e+00
-2.057389821857213974e-03,-7.164430338889360428e-03,1.082923054695129395e+00,-1.898327171802520752e-01,1.187837421894073486e-01,7.625877857208251953e-01,6.068886518478393555e-01,-7.842884957790374756e-02,1.325010061264038086e-01,-1.558956801891326904e-01,-6.260350346565246582e-01,1.275736242532730103e-01,6.002274751663208008e-01,4.596723318099975586e-01,1.993809193372726440e-01,9.095321297645568848e-01,1.819290280342102051e+00,-3.049648106098175049e-01,-6.134705543518066406e-01,2.067257612943649292e-01,6.037431955337524414e-01,4.907312393188476562e-01,-1.291114389896392822e-01,9.171732664108276367e-01,1.834564566612243652e+00
-1.940813497640192509e-03,-1.119619468227028847e-03,1.155364513397216797e+00,-1.752887517213821411e-01,1.114684864878654480e-01,7.639895081520080566e-01,6.108753085136413574e-01,-7.039037346839904785e-02,1.260480433702468872e-01,-1.300380975008010864e-01,-5.832251310348510742e-01,1.154339611530303955e-01,6.144006252288818359e-01,4.407175481319427490e-01,2.531248033046722412e-01,9.407113194465637207e-01,1.881628513336181641e+00,-3.087890148162841797e-01,-5.716711282730102539e-01,1.938913315534591675e-01,6.167032122611999512e-01,4.905445873737335205e-01,-1.637828648090362549e-01,9.459648132324218750e-01,1.892127275466918945e+00
-5.475098732858896255e-04,-1.693999767303466797e-02,1.217695832252502441e+00,-1.794739216566085815e-01,1.218247935175895691e-01,7.564697265625000000e-01,6.170100569725036621e-01,-6.941305100917816162e-02,1.087137609720230103e-01,-1.358786076307296753e-01,-5.877615809440612793e-01,1.201448962092399597e-01,6.264325380325317383e-01,4.558694064617156982e-01,2.704177200794219971e-01,9.682778716087341309e-01,1.936745285987854004e+00,-3.029422163963317871e-01,-5.807037353515625000e-01,1.762679517269134521e-01,6.252185702323913574e-01,5.308034420013427734e-01,-1.858422011137008667e-01,9.656142592430114746e-01,1.931406378746032715e+00
1.174174016341567039e-03,-4.036909714341163635e-02,1.280544757843017578e+00,-1.952942162752151489e-01,1.372832208871841431e-01,7.440343499183654785e-01,6.240403652191162109e-01,-7.337982207536697388e-02,8.505868911743164062e-02,-1.582431942224502563e-01,-6.147924661636352539e-01,1.312340199947357178e-01,6.348047852516174316e-01,5.619634389877319336e-01,2.534142732620239258e-01,9.884275794029235840e-01,1.977001786231994629e+00,-2.867715358734130859e-01,-6.225015521049499512e-01,1.628537029027938843e-01,6.221433877944946289e-01,6.465072631835937500e-01,-1.784655749797821045e-01,9.589453935623168945e-01,1.918015360832214355e+00
-6.520575880131218582e-06,-5.936285108327865601e-02,1.321614265441894531e+00,-2.129663079977035522e-01,1.547612696886062622e-01,7.322846651077270508e-01,6.280553340911865234e-01,-7.654043287038803101e-02,6.154603138566017151e-02,-1.948276758193969727e-01,-6.745008826255798340e-01,1.492296457290649414e-01,6.329047679901123047e-01,6.626955270767211914e-01,2.268951088190078735e-01,9.841845035552978516e-01,1.968470931053161621e+00,-2.663588523864746094e-01,-7.003904581069946289e-01,1.523524075746536255e-01,6.069300174713134766e-01,6.632229089736938477e-01,-1.544406414031982422e-01,9.250566959381103516e-01,1.850180029869079590e+00
-1.357277738861739635e-03,-6.452569365501403809e-02,1.332497835159301758e+00,-2.168873846530914307e-01,1.647723913192749023e-01,7.270678877830505371e-01,6.302239298820495605e-01,-6.311692297458648682e-02,5.296150594949722290e-02,-2.209137529134750366e-01,-7.016121745109558105e-01,1.563825905323028564e-01,6.263116002082824707e-01,6.632249355316162109e-01,2.219142019748687744e-01,9.687229990959167480e-01,1.937535047531127930e+00,-2.412593364715576172e-01,-7.394703626632690430e-01,1.599245518445968628e-01,5.941177010536193848e-01,6.632249951362609863e-01,-1.414543241262435913e-01,8.975401520729064941e-01,1.795143961906433105e+00
-2.392662689089775085e-03,-6.839506328105926514e-02,1.334754943847656250e+00,-2.142673730850219727e-01,1.676345467567443848e-01,7.260769009590148926e-01,6.315065622329711914e-01,-4.947106912732124329e-02,5.155999213457107544e-02,-2.415117919445037842e-01,-7.062569856643676758e-01,1.609452515840530396e-01,6.155343651771545410e-01,6.632249951362609863e-01,2.264920920133590698e-01,9.441314935684204102e-01,1.888335347175598145e+00,-2.202880531549453735e-01,-7.417647242546081543e-01,1.686638891696929932e-01,5.823221206665039062e-01,6.632249951362609863e-01,-1.371258348226547241e-01,8.730248212814331055e-01,1.746104717254638672e+00
-9.210178541252389550e-05,-6.356823444366455078e-02,1.300307393074035645e+00,-2.068569213151931763e-01,1.655556261539459229e-01,7.312565445899963379e-01,6.285422444343566895e-01,-3.726061061024665833e-02,5.055872350931167603e-02,-2.440933138132095337e-01,-7.009173035621643066e-01,1.504902988672256470e-01,6.059883236885070801e-01,6.632249951362609863e-01,2.479417324066162109e-01,9.229826331138610840e-01,1.846057534217834473e+00,-2.159218192100524902e-01,-7.281030416488647461e-01,1.662261933088302612e-01,5.871234536170959473e-01,6.632249951362609863e-01,-1.446732431650161743e-01,8.828041553497314453e-01,1.765729546546936035e+00
7.117045461200177670e-04,-5.162947624921798706e-02,1.252968311309814453e+00,-1.952380388975143433e-01,1.583945453166961670e-01,7.388867735862731934e-01,6.251716613769531250e-01,-3.198106959462165833e-02,4.795120283961296082e-02,-2.360863387584686279e-01,-6.847533583641052246e-01,1.273718476295471191e-01,6.024708747863769531e-01,6.632249951362609863e-01,2.782504260540008545e-01,9.152436852455139160e-01,1.830614686012268066e+00,-2.256182432174682617e-01,-6.968888044357299805e-01,1.526466906070709229e-01,6.037754416465759277e-01,6.632249951362609863e-01,-1.580399274826049805e-01,9.177188873291015625e-01,1.835609793663024902e+00
-4.256940883351489902e-05,-3.630666434764862061e-02,1.200078248977661133e+00,-1.818845570087432861e-01,1.473775357007980347e-01,7.468571662902832031e-01,6.224164962768554688e-01,-3.309424966573715210e-02,4.647350683808326721e-02,-2.177722454071044922e-01,-6.652207970619201660e-01,1.049025952816009521e-01,6.063569188117980957e-01,6.415245532989501953e-01,3.100373446941375732e-01,9.234822988510131836e-01,1.847122907638549805e+00,-2.432732582092285156e-01,-6.577816605567932129e-01,1.304069906473159790e-01,6.223024725914001465e-01,6.318876147270202637e-01,-1.697169989347457886e-01,9.587081670761108398e-01,1.917603611946105957e+00
-2.520481124520301819e-03,-2.093732915818691254e-02,1.143106341361999512e+00,-1.694606840610504150e-01,1.375207602977752686e-01,7.522217035293579102e-01,6.217183470726013184e-01,-3.199886903166770935e-02,4.339366033673286438e-02,-1.975644826889038086e-01,-6.485804915428161621e-01,8.765172213315963745e-02,6.160460710525512695e-01,5.918397307395935059e-01,3.372752964496612549e-01,9.447463154792785645e-01,1.889667391777038574e+00,-2.621566653251647949e-01,-6.151352524757385254e-01,1.121047586202621460e-01,6.360420584678649902e-01,5.806394219398498535e-01,-1.804047822952270508e-01,9.910166859626770020e-01,1.982211947441101074e+00
-2.951550297439098358e-03,-1.703406870365142822e-02,1.081034541130065918e+00,-1.626484096050262451e-01,1.306167393922805786e-01,7.565055489540100098e-01,6.198258399963378906e-01,-2.857908979058265686e-02,3.962698578834533691e-02,-1.821179389953613281e-01,-6.395861506462097168e-01,7.665481418371200562e-02,6.276205778121948242e-01,5.228608846664428711e-01,3.458241522312164307e-01,9.711754918098449707e-01,1.942527055740356445e+00,-2.711157798767089844e-01,-5.958769917488098145e-01,1.048183888196945190e-01,6.452750563621520996e-01,5.186756849288940430e-01,-1.801308989524841309e-01,1.013756752014160156e+00,2.027680158615112305e+00
-2.964415354654192924e-03,-2.202633395791053772e-02,1.018650889396667480e+00,-1.635357737541198730e-01,1.306230127811431885e-01,7.585038542747497559e-01,6.171430349349975586e-01,-2.325751632452011108e-02,3.952443972229957581e-02,-1.803297102451324463e-01,-6.535391807556152344e-01,8.497150987386703491e-02,6.316174268722534180e-01,4.622052013874053955e-01,3.009136021137237549e-01,9.809135794639587402e-01,1.961967706680297852e+00,-2.695080339908599854e-01,-6.398807168006896973e-01,9.765801578760147095e-02,6.489623785018920898e-01,4.587138891220092773e-01,-1.585457473993301392e-01,1.023330688476562500e+00,2.046797752380371094e+00
-6.459353026002645493e-03,-3.592936322093009949e-02,9.694899916648864746e-01,-1.746088713407516479e-01,1.366458833217620850e-01,7.571388483047485352e-01,6.144757270812988281e-01,-1.904882118105888367e-02,2.649738267064094543e-02,-1.947618573904037476e-01,-7.163795828819274902e-01,1.042454391717910767e-01,6.285179853439331055e-01,4.507937729358673096e-01,2.402957379817962646e-01,9.737841486930847168e-01,1.947673439979553223e+00,-2.708354592323303223e-01,-7.417522668838500977e-01,9.070927649736404419e-02,6.417701840400695801e-01,4.650582373142242432e-01,-1.382908672094345093e-01,1.005569815635681152e+00,2.011232376098632812e+00
-5.582412239164113998e-03,-4.618306830525398254e-02,9.343491196632385254e-01,-1.742702871561050415e-01,1.240912377834320068e-01,7.634255886077880859e-01,6.094362735748291016e-01,-3.149192035198211670e-02,1.531695388257503510e-02,-2.152556180953979492e-01,-7.216438651084899902e-01,1.274072974920272827e-01,6.041302084922790527e-01,4.763645231723785400e-01,1.711002588272094727e-01,9.188866615295410156e-01,1.837866425514221191e+00,-2.790105342864990234e-01,-7.417650222778320312e-01,1.053647100925445557e-01,6.107311248779296875e-01,4.769481420516967773e-01,-1.224703490734100342e-01,9.333429932594299316e-01,1.866771697998046875e+00
-7.918629795312881470e-03,-4.285909235477447510e-02,9.203914999961853027e-01,-1.767848134040832520e-01,1.212843060493469238e-01,7.644264101982116699e-01,6.080209612846374512e-01,-5.006960779428482056e-02,1.780941709876060486e-02,-2.262676656246185303e-01,-7.299115657806396484e-01,1.410668343305587769e-01,5.864288210868835449e-01,4.951539933681488037e-01,1.452155560255050659e-01,8.813958168029785156e-01,1.762888550758361816e+00,-2.912988066673278809e-01,-7.417650222778320312e-01,1.197512820363044739e-01,5.928439497947692871e-01,5.002296566963195801e-01,-1.269382983446121216e-01,8.947803378105163574e-01,1.789653897285461426e+00
-1.086452696472406387e-02,-3.788143396377563477e-02,9.232264757156372070e-01,-1.807180047035217285e-01,1.223005354404449463e-01,7.629702091217041016e-01,6.084899306297302246e-01,-6.510916352272033691e-02,2.849755063652992249e-02,-2.338877767324447632e-01,-7.302474379539489746e-01,1.480378061532974243e-01,5.796284079551696777e-01,5.039057135581970215e-01,1.374410539865493774e-01,8.674204945564270020e-01,1.734952211380004883e+00,-2.985754609107971191e-01,-7.417650222778320312e-01,1.290867179632186890e-01,5.876715779304504395e-01,5.113894343376159668e-01,-1.331871598958969116e-01,8.839566111564636230e-01,1.768019914627075195e+00
-1.224304363131523132e-02,-3.391645848751068115e-02,9.407677650451660156e-01,-1.849551647901535034e-01,1.260895431041717529e-01,7.600240111351013184e-01,6.101282238960266113e-01,-7.624535262584686279e-02,4.451180249452590942e-02,-2.387897968292236328e-01,-7.253659963607788086e-01,1.519552320241928101e-01,5.812379121780395508e-01,5.062637329101562500e-01,1.369700282812118530e-01,8.706151843070983887e-01,1.741368174552917480e+00,-2.959752082824707031e-01,-7.411881089210510254e-01,1.327907592058181763e-01,5.910755395889282227e-01,5.122290253639221191e-01,-1.374901831150054932e-01,8.909890055656433105e-01,1.782106637954711914e+00
-1.345320511609315872e-02,-3.183736652135848999e-02,9.670920372009277344e-01,-1.858102828264236450e-01,1.278854161500930786e-01,7.568796873092651367e-01,6.133946180343627930e-01,-8.429396897554397583e-02,6.307536363601684570e-02,-2.327441722154617310e-01,-7.056832909584045410e-01,1.458148658275604248e-01,5.879197120666503906e-01,4.902830719947814941e-01,1.432726681232452393e-01,8.842220902442932129e-01,1.768605709075927734e+00,-2.899897694587707520e-01,-7.247188091278076172e-01,1.341261714696884155e-01,5.987021327018737793e-01,4.961859881877899170e-01,-1.411448568105697632e-01,9.069895744323730469e-01,1.814130663871765137e+00
-1.397527102380990982e-02,-3.203627839684486389e-02,9.933406710624694824e-01,-1.839076578617095947e-01,1.290372312068939209e-01,7.528724670410156250e-01,6.186359524726867676e-01,-8.594450354576110840e-02,7.756910473108291626e-02,-2.210775315761566162e-01,-6.800037622451782227e-01,1.335676014423370361e-01,5.976399779319763184e-01,4.565532207489013672e-01,1.526458710432052612e-01,9.045187234878540039e-01,1.809212446212768555e+00,-2.812508940696716309e-01,-7.037480473518371582e-01,1.322446912527084351e-01,6.086817979812622070e-01,4.703126549720764160e-01,-1.434051543474197388e-01,9.284797906875610352e-01,1.857124567031860352e+00
-1.266103051602840424e-02,-3.318067267537117004e-02,1.014593958854675293e+00,-1.797563582658767700e-01,1.290256381034851074e-01,7.491208910942077637e-01,6.243860125541687012e-01,-8.321888744831085205e-02,8.730523288249969482e-02,-2.056608498096466064e-01,-6.521927714347839355e-01,1.194162443280220032e-01,6.081830263137817383e-01,4.147877395153045654e-01,1.609483361244201660e-01,9.272369146347045898e-01,1.854652285575866699e+00,-2.723869681358337402e-01,-6.795443296432495117e-01,1.292883753776550293e-01,6.192163228988647461e-01,4.364988803863525391e-01,-1.453140527009963989e-01,9.519320130348205566e-01,1.904032826423645020e+00
-1.068570464849472046e-02,-3.416601940989494324e-02,1.029002070426940918e+00,-1.740882694721221924e-01,1.265345811843872070e-01,7.469640374183654785e-01,6.290683150291442871e-01,-7.833997905254364014e-02,9.263147413730621338e-02,-1.873400509357452393e-01,-6.241142153739929199e-01,1.054343879222869873e-01,6.179950833320617676e-01,3.729435801506042480e-01,1.683852970600128174e-01,9.490988254547119141e-01,1.898372411727905273e+00,-2.670057117938995361e-01,-6.523829698562622070e-01,1.271488964557647705e-01,6.290946006774902344e-01,3.976142406463623047e-01,-1.484733223915100098e-01,9.747202396392822266e-01,1.949606418609619141e+00
-9.703403338789939880e-03,-3.652186319231987000e-02,1.036807417869567871e+00,-1.695468127727508545e-01,1.244155094027519226e-01,7.450750470161437988e-01,6.329595446586608887e-01,-7.114665210247039795e-02,9.369758516550064087e-02,-1.676876693964004517e-01,-6.078838109970092773e-01,9.272800385951995850e-02,6.263920664787292480e-01,3.378285169601440430e-01,1.728437989950180054e-01,9.683964252471923828e-01,1.936960816383361816e+00,-2.674743235111236572e-01,-6.366703510284423828e-01,1.271408796310424805e-01,6.378325223922729492e-01,3.616532385349273682e-01,-1.514235734939575195e-01,9.955763220787048340e-01,1.991312980651855469e+00
-9.267856366932392120e-03,-4.023362323641777039e-02,1.040457367897033691e+00,-1.670551151037216187e-01,1.242501139640808105e-01,7.427541017532348633e-01,6.363732218742370605e-01,-6.201194226741790771e-02,9.013474732637405396e-02,-1.479775160551071167e-01,-6.057679653167724609e-01,8.147851377725601196e-02,6.332955360412597656e-01,3.133107423782348633e-01,1.728226989507675171e-01,9.846906661987304688e-01,1.969542384147644043e+00,-2.739918231964111328e-01,-6.355078816413879395e-01,1.298485249280929565e-01,6.453250050544738770e-01,3.338070213794708252e-01,-1.506634801626205444e-01,1.014024734497070312e+00,2.028203487396240234e+00
-8.429468609392642975e-03,-4.355913773179054260e-02,1.042590141296386719e+00,-1.661970168352127075e-01,1.255512386560440063e-01,7.402701973915100098e-01,6.392304301261901855e-01,-5.300135910511016846e-02,8.258732408285140991e-02,-1.298878937959671021e-01,-6.111597418785095215e-01,7.227786630392074585e-02,6.389867067337036133e-01,2.988475859165191650e-01,1.690177917480468750e-01,9.984276294708251953e-01,1.997010588645935059e+00,-2.808461785316467285e-01,-6.413328051567077637e-01,1.340006738901138306e-01,6.515618562698364258e-01,3.154575824737548828e-01,-1.466073691844940186e-01,1.029813528060913086e+00,2.059775590896606445e+00
-7.438565138727426529e-03,-4.626724869012832642e-02,1.044891715049743652e+00,-1.649922579526901245e-01,1.261910051107406616e-01,7.379816770553588867e-01,6.420564055442810059e-01,-4.716756567358970642e-02,7.378112524747848511e-02,-1.148091033101081848e-01,-6.139134168624877930e-01,6.471700221300125122e-02,6.437426209449768066e-01,2.910043001174926758e-01,1.635494977235794067e-01,1.010130405426025391e+00,2.020411729812622070e+00,-2.832902073860168457e-01,-6.436468362808227539e-01,1.364013701677322388e-01,6.567099690437316895e-01,3.060719966888427734e-01,-1.414405852556228638e-01,1.043161988258361816e+00,2.086468219757080078e+00
-7.230664603412151337e-03,-4.830036312341690063e-02,1.047773003578186035e+00,-1.624126136302947998e-01,1.252648085355758667e-01,7.357966303825378418e-01,6.453945636749267578e-01,-4.295757040381431580e-02,6.621559709310531616e-02,-1.024099439382553101e-01,-6.087768077850341797e-01,5.732776969671249390e-02,6.476618647575378418e-01,2.866732478141784668e-01,1.591390669345855713e-01,1.019940018653869629e+00,2.040027618408203125e+00,-2.828866243362426758e-01,-6.390072703361511230e-01,1.362103074789047241e-01,6.611124277114868164e-01,3.019292354583740234e-01,-1.364886015653610229e-01,1.054815173149108887e+00,2.109771728515625000e+00
-7.248836569488048553e-03,-4.955836758017539978e-02,1.051167607307434082e+00,-1.587101966142654419e-01,1.231703907251358032e-01,7.340417504310607910e-01,6.487086415290832520e-01,-3.888210281729698181e-02,5.934708192944526672e-02,-9.206741303205490112e-02,-5.971074700355529785e-01,5.013713985681533813e-02,6.509425044059753418e-01,2.827881574630737305e-01,1.567369252443313599e-01,1.028269529342651367e+00,2.056684255599975586e+00,-2.805640399456024170e-01,-6.284416913986206055e-01,1.337848156690597534e-01,6.649703383445739746e-01,2.987943887710571289e-01,-1.321961134672164917e-01,1.065222024917602539e+00,2.130583763122558594e+00
-7.230571936815977097e-03,-4.993265867233276367e-02,1.054755449295043945e+00,-1.541105359792709351e-01,1.200169101357460022e-01,7.327626943588256836e-01,6.518471240997314453e-01,-3.507799655199050903e-02,5.308789014816284180e-02,-8.310343325138092041e-02,-5.804737210273742676e-01,4.349525272846221924e-02,6.537526845932006836e-01,2.777945399284362793e-01,1.563733071088790894e-01,1.035495162010192871e+00,2.071133613586425781e+00,-2.760805785655975342e-01,-6.130936145782470703e-01,1.293095797300338745e-01,6.683424115180969238e-01,2.943174540996551514e-01,-1.283863782882690430e-01,1.074480772018432617e+00,2.149099826812744141e+00
-7.014259696006774902e-03,-4.926215857267379761e-02,1.058021306991577148e+00,-1.487571895122528076e-01,1.160715222358703613e-01,7.316715121269226074e-01,6.550232768058776855e-01,-3.137525543570518494e-02,4.765594005584716797e-02,-7.483875006437301636e-02,-5.605660676956176758e-01,3.761985898017883301e-02,6.561479568481445312e-01,2.713863849639892578e-01,1.572939902544021606e-01,1.041726350784301758e+00,2.083594083786010742e+00,-2.701136469841003418e-01,-5.947862863540649414e-01,1.235605329275131226e-01,6.712411046028137207e-01,2.882253229618072510e-01,-1.252031028270721436e-01,1.082571148872375488e+00,2.165279150009155273e+00
-6.600500550121068954e-03,-4.762442782521247864e-02,1.060550332069396973e+00,-1.430264115333557129e-01,1.117971837520599365e-01,7.305296659469604492e-01,6.583094000816345215e-01,-2.775283157825469971e-02,4.293255880475044250e-02,-6.643301993608474731e-02,-5.396040678024291992e-01,3.260995075106620789e-02,6.581307053565979004e-01,2.643526196479797363e-01,1.584744155406951904e-01,1.046939134597778320e+00,2.094017982482910156e+00,-2.638522386550903320e-01,-5.760236978530883789e-01,1.173032149672508240e-01,6.736521720886230469e-01,2.819833457469940186e-01,-1.227041110396385193e-01,1.089400768280029297e+00,2.178936481475830078e+00
-6.062848493456840515e-03,-4.520931839942932129e-02,1.062328100204467773e+00,-1.372928917407989502e-01,1.075732409954071045e-01,7.291119694709777832e-01,6.617963314056396484e-01,-2.430121786892414093e-02,3.873926401138305664e-02,-5.704909190535545349e-02,-5.191482305526733398e-01,2.818665653467178345e-02,6.597064137458801270e-01,2.574301660060882568e-01,1.591123938560485840e-01,1.051119804382324219e+00,2.102377176284790039e+00,-2.583840489387512207e-01,-5.582905411720275879e-01,1.112856119871139526e-01,6.755722165107727051e-01,2.767355740070343018e-01,-1.205662861466407776e-01,1.094909191131591797e+00,2.189951419830322266e+00
-5.550290457904338837e-03,-4.236153513193130493e-02,1.063629150390625000e+00,-1.317600607872009277e-01,1.035515069961547852e-01,7.274722456932067871e-01,6.653574109077453613e-01,-2.076514624059200287e-02,3.432451188564300537e-02,-4.671522974967956543e-02,-4.995392858982086182e-01,2.395583689212799072e-02,6.608874201774597168e-01,2.512458562850952148e-01,1.587261259555816650e-01,1.054276823997497559e+00,2.108689546585083008e+00,-2.540734112262725830e-01,-5.417831540107727051e-01,1.059553101658821106e-01,6.770439147949218750e-01,2.724925875663757324e-01,-1.187686547636985779e-01,1.099174737930297852e+00,2.198481082916259766e+00
-5.144697148352861404e-03,-3.969210386276245117e-02,1.064778566360473633e+00,-1.263501644134521484e-01,9.957550466060638428e-02,7.258062362670898438e-01,6.688240766525268555e-01,-1.729458011686801910e-02,2.915432304143905640e-02,-3.666302934288978577e-02,-4.802480936050415039e-01,1.981848664581775665e-02,6.617377996444702148e-01,2.458115518093109131e-01,1.577815264463424683e-01,1.056562781333923340e+00,2.113259792327880859e+00,-2.497512549161911011e-01,-5.255278944969177246e-01,1.009776443243026733e-01,6.781327128410339355e-01,2.690089046955108643e-01,-1.176915317773818970e-01,1.102355360984802246e+00,2.204840898513793945e+00
-4.642902407795190811e-03,-3.740731254220008850e-02,1.066138863563537598e+00,-1.210965365171432495e-01,9.562432020902633667e-02,7.242328524589538574e-01,6.720702648162841797e-01,-1.457797549664974213e-02,2.380434796214103699e-02,-2.790833450853824615e-02,-4.607864022254943848e-01,1.609712280333042145e-02,6.623665690422058105e-01,2.406073510646820068e-01,1.571613401174545288e-01,1.058257818222045898e+00,2.116648912429809570e+00,-2.436389774084091187e-01,-5.088439583778381348e-01,9.568565338850021362e-02,6.789399385452270508e-01,2.651801705360412598e-01,-1.172710731625556946e-01,1.104725599288940430e+00,2.209580183029174805e+00
-3.955221734941005707e-03,-3.520149365067481995e-02,1.067670583724975586e+00,-1.161529943346977234e-01,9.183593839406967163e-02,7.226911187171936035e-01,6.751238107681274414e-01,-1.260485034435987473e-02,1.868843100965023041e-02,-2.020358107984066010e-02,-4.414155781269073486e-01,1.312842313200235367e-02,6.628797054290771484e-01,2.350469678640365601e-01,1.571075171232223511e-01,1.059642195701599121e+00,2.119417428970336914e+00,-2.357256710529327393e-01,-4.919349253177642822e-01,9.019371122121810913e-02,6.795533895492553711e-01,2.600253224372863770e-01,-1.177379563450813293e-01,1.106533169746398926e+00,2.213194847106933594e+00
-3.197388025000691414e-03,-3.293698653578758240e-02,1.069002509117126465e+00,-1.118104904890060425e-01,8.840198069810867310e-02,7.210378050804138184e-01,6.780766248703002930e-01,-1.081116776913404465e-02,1.396837923675775528e-02,-1.285633351653814316e-02,-4.235530495643615723e-01,1.099499780684709549e-02,6.633074283599853516e-01,2.291368991136550903e-01,1.574004888534545898e-01,1.060798525810241699e+00,2.121729612350463867e+00,-2.268670052289962769e-01,-4.763609468936920166e-01,8.502761274576187134e-02,6.800335049629211426e-01,2.537626326084136963e-01,-1.188882514834403992e-01,1.107952237129211426e+00,2.216032505035400391e+00
-2.566040726378560066e-03,-3.075727447867393494e-02,1.070079088211059570e+00,-1.082073524594306946e-01,8.551939576864242554e-02,7.190153598785400391e-01,6.811714768409729004e-01,-9.119207970798015594e-03,9.815697558224201202e-03,-5.754545331001281738e-03,-4.081158638000488281e-01,9.393732994794845581e-03,6.636601686477661133e-01,2.230691462755203247e-01,1.578808873891830444e-01,1.061754345893859863e+00,2.123640537261962891e+00,-2.177231162786483765e-01,-4.632971882820129395e-01,8.045592904090881348e-02,6.804124712944030762e-01,2.472243905067443848e-01,-1.203133463859558105e-01,1.109075188636779785e+00,2.218277931213378906e+00
-2.222498878836631775e-03,-2.886690385639667511e-02,1.070901274681091309e+00,-1.052516698837280273e-01,8.326262980699539185e-02,7.165614366531372070e-01,6.844918727874755859e-01,-7.643976248800754547e-03,5.767570342868566513e-03,1.037832116708159447e-03,-3.952527046203613281e-01,7.944982498884201050e-03,6.639314889907836914e-01,2.172720432281494141e-01,1.585773676633834839e-01,1.062491059303283691e+00,2.125113487243652344e+00,-2.088671624660491943e-01,-4.530343711376190186e-01,7.637679576873779297e-02,6.807222366333007812e-01,2.413762062788009644e-01,-1.215637177228927612e-01,1.109994888305664062e+00,2.220116615295410156e+00
-2.259920816868543625e-03,-2.744697965681552887e-02,1.071387767791748047e+00,-1.028948202729225159e-01,8.166972547769546509e-02,7.138077020645141602e-01,6.879107952117919922e-01,-6.575435865670442581e-03,1.073022955097258091e-03,7.330647669732570648e-03,-3.851853609085083008e-01,6.387236528098583221e-03,6.641087532043457031e-01,2.124962061643600464e-01,1.591677963733673096e-01,1.062974452972412109e+00,2.126079559326171875e+00,-2.005276978015899658e-01,-4.458910524845123291e-01,7.255873829126358032e-02,6.809926033020019531e-01,2.370100170373916626e-01,-1.223963201045989990e-01,1.110798478126525879e+00,2.221723556518554688e+00
-2.583169378340244293e-03,-2.636482007801532745e-02,1.071615934371948242e+00,-1.010974347591400146e-01,8.078800141811370850e-02,7.107329368591308594e-01,6.914559006690979004e-01,-5.891851615160703659e-03,-4.018337931483983994e-03,1.313452981412410736e-02,-3.777121007442474365e-01,4.494453780353069305e-03,6.641954779624938965e-01,2.089911848306655884e-01,1.597000956535339355e-01,1.063212275505065918e+00,2.126554965972900391e+00,-1.928736567497253418e-01,-4.416854679584503174e-01,6.906161457300186157e-02,6.812481880187988281e-01,2.343803793191909790e-01,-1.228520646691322327e-01,1.111558794975280762e+00,2.223243951797485352e+00
-2.939257537946105003e-03,-2.556006796658039093e-02,1.071824431419372559e+00,-9.969086199998855591e-02,8.048964291810989380e-02,7.075286507606506348e-01,6.949721574783325195e-01,-5.354245658963918686e-03,-9.662784636020660400e-03,1.849298179149627686e-02,-3.720674216747283936e-01,2.182183088734745979e-03,6.642356514930725098e-01,2.064320743083953857e-01,1.601632088422775269e-01,1.063322424888610840e+00,2.126774787902832031e+00,-1.860639154911041260e-01,-4.393372535705566406e-01,6.601515412330627441e-02,6.814997196197509766e-01,2.330649346113204956e-01,-1.230811700224876404e-01,1.112307310104370117e+00,2.224740743637084961e+00
-3.017678158357739449e-03,-2.495409734547138214e-02,1.072107791900634766e+00,-9.856382012367248535e-02,8.057948946952819824e-02,7.044799327850341797e-01,6.982121467590332031e-01,-4.637111909687519073e-03,-1.587040163576602936e-02,2.352838218212127686e-02,-3.676813244819641113e-01,-2.872264012694358826e-04,6.642794013023376465e-01,2.044473737478256226e-01,1.605424135923385620e-01,1.063440561294555664e+00,2.127011060714721680e+00,-1.800626814365386963e-01,-4.378661811351776123e-01,6.349108368158340454e-02,6.817501187324523926e-01,2.324124723672866821e-01,-1.231839582324028015e-01,1.113052964210510254e+00,2.226231813430786133e+00
-2.692352747544646263e-03,-2.436758019030094147e-02,1.072552323341369629e+00,-9.765197336673736572e-02,8.092494308948516846e-02,7.018342018127441406e-01,7.009593248367309570e-01,-3.799410304054617882e-03,-2.263791672885417938e-02,2.803100831806659698e-02,-3.640078604221343994e-01,-2.665451960638165474e-03,6.643810272216796875e-01,2.025025337934494019e-01,1.607631295919418335e-01,1.063714265823364258e+00,2.127558469772338867e+00,-1.745379120111465454e-01,-4.365586042404174805e-01,6.139935553073883057e-02,6.819934248924255371e-01,2.316782027482986450e-01,-1.233272105455398560e-01,1.113777995109558105e+00,2.227681875228881836e+00
-1.869219006039202213e-03,-2.386602573096752167e-02,1.073038458824157715e+00,-9.671663492918014526e-02,8.133611083030700684e-02,6.995663046836853027e-01,7.033045291900634766e-01,-2.836682600900530815e-03,-2.968404069542884827e-02,3.194996342062950134e-02,-3.607303202152252197e-01,-4.734111018478870392e-03,6.645560860633850098e-01,2.000737488269805908e-01,1.609283387660980225e-01,1.064187169075012207e+00,2.128504514694213867e+00,-1.697419136762619019e-01,-4.350443184375762939e-01,5.962814390659332275e-02,6.822182536125183105e-01,2.307712286710739136e-01,-1.236752867698669434e-01,1.114449024200439453e+00,2.229024171829223633e+00
-7.707987097091972828e-04,-2.383533865213394165e-02,1.073582291603088379e+00,-9.561679512262344360e-02,8.168765157461166382e-02,6.976891756057739258e-01,7.052760720252990723e-01,-1.673759426921606064e-03,-3.761081025004386902e-02,3.447324782609939575e-02,-3.577683866024017334e-01,-6.454123184084892273e-03,6.648074388504028320e-01,1.966938525438308716e-01,1.611370891332626343e-01,1.064867496490478516e+00,2.129865407943725586e+00,-1.657025963068008423e-01,-4.334090948104858398e-01,5.788435414433479309e-02,6.824260950088500977e-01,2.292916327714920044e-01,-1.240820288658142090e-01,1.115069985389709473e+00,2.230265855789184570e+00
1.936924090841785073e-04,-2.458043210208415985e-02,1.074171662330627441e+00,-9.424242377281188965e-02,8.205703645944595337e-02,6.957947015762329102e-01,7.072868943214416504e-01,-1.060599694028496742e-03,-4.616892337799072266e-02,3.498090803623199463e-02,-3.548538088798522949e-01,-8.241524919867515564e-03,6.651710271835327148e-01,1.926649063825607300e-01,1.612418889999389648e-01,1.065853476524353027e+00,2.131837606430053711e+00,-1.628873497247695923e-01,-4.320036768913269043e-01,5.593911558389663696e-02,6.826078295707702637e-01,2.275224179029464722e-01,-1.243928298354148865e-01,1.115613222122192383e+00,2.231352329254150391e+00
1.599850016646087170e-03,-2.153302170336246490e-02,1.074039220809936523e+00,-9.331174194812774658e-02,8.273252844810485840e-02,6.941682696342468262e-01,7.089278101921081543e-01,-2.859331143554300070e-04,-5.293736234307289124e-02,3.580656275153160095e-02,-3.501757085323333740e-01,-8.996765129268169403e-03,6.655017137527465820e-01,1.892594397068023682e-01,1.631793975830078125e-01,1.066756963729858398e+00,2.133644104003906250e+00,-1.598387211561203003e-01,-4.297433793544769287e-01,5.302802845835685730e-02,6.826764345169067383e-01,2.294546216726303101e-01,-1.253748685121536255e-01,1.115822792053222656e+00,2.231771230697631836e+00
