2.692764392122626305e-03,-9.700401686131954193e-03,1.088199377059936523e+00,-4.528099298477172852e-02,4.865179955959320068e-02,6.989253163337707520e-01,7.120997309684753418e-01,8.432960137724876404e-03,-2.994124405086040497e-02,-2.105063758790493011e-02,-2.443475723266601562e-01,-1.431507151573896408e-02,6.856472492218017578e-01,2.706186473369598389e-01,2.237106710672378540e-01,1.115558743476867676e+00,2.231294631958007812e+00,-1.377857923507690430e-01,-3.237095177173614502e-01,2.051973715424537659e-02,6.926180124282836914e-01,3.224856853485107422e-01,-1.369607150554656982e-01,1.136806845664978027e+00,2.273774862289428711e+00
2.699606586247682571e-03,-9.267808869481086731e-03,1.095944643020629883e+00,-5.569703504443168640e-02,6.045291200280189514e-02,6.977047324180603027e-01,7.116540074348449707e-01,1.019122544676065445e-02,-2.865962125360965729e-02,-2.378029376268386841e-02,-2.788372039794921875e-01,-1.093261875212192535e-02,7.132271528244018555e-01,2.368084043264389038e-01,2.227162718772888184e-01,1.212616086006164551e+00,2.425388097763061523e+00,-1.324449479579925537e-01,-3.584357500076293945e-01,2.045387215912342072e-02,7.136012315750122070e-01,2.773288488388061523e-01,-1.367547065019607544e-01,1.216942667961120605e+00,2.434017658233642578e+00
2.980133751407265663e-03,-9.424136951565742493e-03,1.096499800682067871e+00,-4.528206959366798401e-02,5.186754837632179260e-02,6.990910172462463379e-01,7.117099761962890625e-01,1.335371378809213638e-02,-2.492918074131011963e-02,-1.982158422470092773e-02,-2.467916011810302734e-01,-1.541468128561973572e-02,7.141656279563903809e-01,2.240292578935623169e-01,2.174040824174880981e-01,1.221658587455749512e+00,2.443446397781372070e+00,-1.353022903203964233e-01,-3.271664083003997803e-01,1.374586671590805054e-02,7.141659855842590332e-01,2.605872750282287598e-01,-1.342578381299972534e-01,1.221660494804382324e+00,2.443450212478637695e+00
3.133523277938365936e-03,-9.014169685542583466e-03,1.096434593200683594e+00,-4.246797040104866028e-02,4.992371052503585815e-02,6.993868350982666016e-01,7.117317914962768555e-01,1.432877779006958008e-02,-2.174401469528675079e-02,-1.611373759806156158e-02,-2.387412339448928833e-01,-1.742631569504737854e-02,7.141659855842590332e-01,2.141595184803009033e-01,2.121039628982543945e-01,1.221660375595092773e+00,2.443449974060058594e+00,-1.371246427297592163e-01,-3.199124932289123535e-01,1.215200964361429214e-02,7.141659855842590332e-01,2.512423694133758545e-01,-1.326092779636383057e-01,1.221660614013671875e+00,2.443450450897216797e+00
3.273359499871730804e-03,-8.367668837308883667e-03,1.096419453620910645e+00,-4.159149155020713806e-02,4.941098392009735107e-02,6.994198560714721680e-01,7.117869257926940918e-01,1.476356666535139084e-02,-1.978146098554134369e-02,-1.209323946386575699e-02,-2.362271547317504883e-01,-1.871470734477043152e-02,7.141659855842590332e-01,2.089976370334625244e-01,2.078819125890731812e-01,1.221660494804382324e+00,2.443450212478637695e+00,-1.387031674385070801e-01,-3.181389868259429932e-01,1.215574517846107483e-02,7.141659855842590332e-01,2.467953115701675415e-01,-1.310658156871795654e-01,1.221660614013671875e+00,2.443450450897216797e+00
3.279499243944883347e-03,-7.680893409997224808e-03,1.096438765525817871e+00,-4.129212722182273865e-02,4.928568750619888306e-02,6.993091702461242676e-01,7.119217514991760254e-01,1.546581555157899857e-02,-1.865608058869838715e-02,-8.099931292235851288e-03,-2.352827787399291992e-01,-1.965234801173210144e-02,7.141659855842590332e-01,2.059151083230972290e-01,2.044025659561157227e-01,1.221660494804382324e+00,2.443450212478637695e+00,-1.400212198495864868e-01,-3.178110718727111816e-01,1.260622870177030563e-02,7.141659855842590332e-01,2.438782155513763428e-01,-1.295256167650222778e-01,1.221660614013671875e+00,2.443450450897216797e+00
3.269589273259043694e-03,-7.052025292068719864e-03,1.096414923667907715e+00,-4.121738672256469727e-02,4.933611676096916199e-02,6.991724371910095215e-01,7.120568752288818359e-01,1.650794222950935364e-02,-1.810318045318126678e-02,-4.107043612748384476e-03,-2.351300716400146484e-01,-2.043739706277847290e-02,7.141659855842590332e-01,2.037732154130935669e-01,2.009436041116714478e-01,1.221660494804382324e+00,2.443450212478637695e+00,-1.412544846534729004e-01,-3.180705308914184570e-01,1.315318048000335693e-02,7.141659855842590332e-01,2.416543364524841309e-01,-1.281362175941467285e-01,1.221660614013671875e+00,2.443450450897216797e+00
3.351066727191209793e-03,-6.566961761564016342e-03,1.096375584602355957e+00,-4.143093898892402649e-02,4.941115528345108032e-02,6.991165876388549805e-01,7.120940685272216797e-01,1.738350838422775269e-02,-1.802326738834381104e-02,-2.984049788210541010e-04,-2.356287688016891479e-01,-2.233979478478431702e-02,7.141659855842590332e-01,2.015864849090576172e-01,1.960652917623519897e-01,1.221660494804382324e+00,2.443450212478637695e+00,-1.425125002861022949e-01,-3.186157047748565674e-01,1.420301105827093124e-02,7.141659855842590332e-01,2.403258830308914185e-01,-1.266283243894577026e-01,1.221660614013671875e+00,2.443450450897216797e+00
3.350429004058241844e-03,-6.376363337039947510e-03,1.096333265304565430e+00,-4.180993512272834778e-02,4.970967024564743042e-02,6.990607976913452148e-01,7.121059894561767578e-01,1.828495040535926819e-02,-1.822764612734317780e-02,3.244222607463598251e-03,-2.369084060192108154e-01,-2.300768531858921051e-02,7.141659855842590332e-01,1.994953155517578125e-01,1.918645054101943970e-01,1.221660494804382324e+00,2.443450212478637695e+00,-1.435948014259338379e-01,-3.188142478466033936e-01,1.415722537785768509e-02,7.141659855842590332e-01,2.388271689414978027e-01,-1.256801933050155640e-01,1.221660614013671875e+00,2.443450450897216797e+00
3.283986588940024376e-03,-6.139682605862617493e-03,1.096319317817687988e+00,-4.217518866062164307e-02,5.012493580579757690e-02,6.992186903953552246e-01,7.119002342224121094e-01,1.922750845551490784e-02,-1.879034936428070068e-02,6.009008269757032394e-03,-2.383684366941452026e-01,-2.381433360278606415e-02,7.141659855842590332e-01,1.972456574440002441e-01,1.878175139427185059e-01,1.221660494804382324e+00,2.443450212478637695e+00,-1.446257233619689941e-01,-3.200627565383911133e-01,1.449654903262853622e-02,7.141659855842590332e-01,2.376947999000549316e-01,-1.246688738465309143e-01,1.221660614013671875e+00,2.443450450897216797e+00
3.182963933795690536e-03,-6.095768418163061142e-03,1.096274495124816895e+00,-4.265731200575828552e-02,5.060419440269470215e-02,6.995288729667663574e-01,7.115328311920166016e-01,2.011875063180923462e-02,-1.957389153540134430e-02,8.331525139510631561e-03,-2.403490394353866577e-01,-2.454445883631706238e-02,7.141659855842590332e-01,1.952838450670242310e-01,1.841337978839874268e-01,1.221660494804382324e+00,2.443450212478637695e+00,-1.459782868623733521e-01,-3.217629790306091309e-01,1.494892966002225876e-02,7.141659855842590332e-01,2.370372861623764038e-01,-1.241163313388824463e-01,1.221660614013671875e+00,2.443450450897216797e+00
3.018253017216920853e-03,-6.162593606859445572e-03,1.096239686012268066e+00,-4.322893545031547546e-02,5.113335326313972473e-02,6.999776959419250488e-01,7.110189199447631836e-01,2.095163427293300629e-02,-2.046550065279006958e-02,1.025965716689825058e-02,-2.426824569702148438e-01,-2.531289309263229370e-02,7.141659855842590332e-01,1.935870498418807983e-01,1.810076087713241577e-01,1.221660494804382324e+00,2.443450212478637695e+00,-1.475924104452133179e-01,-3.236802220344543457e-01,1.545113418251276016e-02,7.141659855842590332e-01,2.367900311946868896e-01,-1.234205216169357300e-01,1.221660614013671875e+00,2.443450450897216797e+00
2.796089509502053261e-03,-6.252238526940345764e-03,1.096215009689331055e+00,-4.384435713291168213e-02,5.173679813742637634e-02,7.004525661468505859e-01,7.104696631431579590e-01,2.181220799684524536e-02,-2.167565003037452698e-02,1.161729358136653900e-02,-2.452072054147720337e-01,-2.615179680287837982e-02,7.141659855842590332e-01,1.921143680810928345e-01,1.783249229192733765e-01,1.221660614013671875e+00,2.443450450897216797e+00,-1.499117910861968994e-01,-3.257173001766204834e-01,1.597326062619686127e-02,7.141659855842590332e-01,2.366385608911514282e-01,-1.227022558450698853e-01,1.221660614013671875e+00,2.443450450897216797e+00
2.521896036341786385e-03,-6.299592554569244385e-03,1.096224665641784668e+00,-4.442971572279930115e-02,5.236816033720970154e-02,7.008206844329833984e-01,7.100238800048828125e-01,2.264672704041004181e-02,-2.287326194345951080e-02,1.238171011209487915e-02,-2.476504296064376831e-01,-2.697128057479858398e-02,7.141659855842590332e-01,1.907200366258621216e-01,1.758023053407669067e-01,1.221660614013671875e+00,2.443450450897216797e+00,-1.527375280857086182e-01,-3.277557194232940674e-01,1.651393808424472809e-02,7.141659855842590332e-01,2.363592088222503662e-01,-1.222790554165840149e-01,1.221660614013671875e+00,2.443450450897216797e+00
2.253842772915959358e-03,-6.311231758445501328e-03,1.096240282058715820e+00,-4.503101855516433716e-02,5.299236997961997986e-02,7.011892199516296387e-01,7.095757126808166504e-01,2.333010174334049225e-02,-2.360907755792140961e-02,1.288586296141147614e-02,-2.501282393932342529e-01,-2.760876342654228210e-02,7.141659855842590332e-01,1.892263889312744141e-01,1.734110265970230103e-01,1.221660614013671875e+00,2.443450450897216797e+00,-1.553800404071807861e-01,-3.298112750053405762e-01,1.706206984817981720e-02,7.141659855842590332e-01,2.359079718589782715e-01,-1.217514947056770325e-01,1.221660614013671875e+00,2.443450450897216797e+00
1.987584866583347321e-03,-6.315098144114017487e-03,1.096218824386596680e+00,-4.566483944654464722e-02,5.357315391302108765e-02,7.015254497528076172e-01,7.091591358184814453e-01,2.383681200444698334e-02,-2.376989461481571198e-02,1.320613641291856766e-02,-2.526478171348571777e-01,-2.801398560404777527e-02,7.141659855842590332e-01,1.878740489482879639e-01,1.713510453701019287e-01,1.221660614013671875e+00,2.443450450897216797e+00,-1.573697030544281006e-01,-3.318668901920318604e-01,1.757169328629970551e-02,7.141659855842590332e-01,2.354290187358856201e-01,-1.213492378592491150e-01,1.221660614013671875e+00,2.443450450897216797e+00
1.634286832995712757e-03,-6.289126351475715637e-03,1.096146702766418457e+00,-4.633386060595512390e-02,5.409172549843788147e-02,7.017968297004699707e-01,7.088078260421752930e-01,2.422485128045082092e-02,-2.344846539199352264e-02,1.356942579150199890e-02,-2.551050484180450439e-01,-2.828585729002952576e-02,7.141659855842590332e-01,1.867637187242507935e-01,1.696934700012207031e-01,1.221660614013671875e+00,2.443450450897216797e+00,-1.587917655706405640e-01,-3.339030146598815918e-01,1.800418831408023834e-02,7.141659855842590332e-01,2.349997609853744507e-01,-1.212209016084671021e-01,1.221660614013671875e+00,2.443450450897216797e+00
1.199603429995477200e-03,-6.203109398484230042e-03,1.096060991287231445e+00,-4.700932279229164124e-02,5.455523729324340820e-02,7.019610404968261719e-01,7.085651159286499023e-01,2.442333661019802094e-02,-2.276096306741237640e-02,1.382378302514553070e-02,-2.573991715908050537e-01,-2.843122370541095734e-02,7.141659855842590332e-01,1.857274323701858521e-01,1.680178344249725342e-01,1.221660614013671875e+00,2.443450450897216797e+00,-1.598134785890579224e-01,-3.359008133411407471e-01,1.830104179680347443e-02,7.141659855842590332e-01,2.345085293054580688e-01,-1.214902549982070923e-01,1.221660614013671875e+00,2.443450450897216797e+00
7.552357274107635021e-04,-6.194401532411575317e-03,1.095971584320068359e+00,-4.758326336741447449e-02,5.491792038083076477e-02,7.021297812461853027e-01,7.083315849304199219e-01,2.450483292341232300e-02,-2.181728370487689972e-02,1.452521234750747681e-02,-2.595156133174896240e-01,-2.861981466412544250e-02,7.141659855842590332e-01,1.846744567155838013e-01,1.658969074487686157e-01,1.221660614013671875e+00,2.443450450897216797e+00,-1.609329283237457275e-01,-3.376284539699554443e-01,1.857625693082809448e-02,7.141659855842590332e-01,2.341452240943908691e-01,-1.217639669775962830e-01,1.221660614013671875e+00,2.443450450897216797e+00
3.355556109454482794e-04,-6.151480134576559067e-03,1.095838785171508789e+00,-4.804354533553123474e-02,5.520288646221160889e-02,7.022900581359863281e-01,7.081194519996643066e-01,2.442983165383338928e-02,-2.048295177519321442e-02,1.577245630323886871e-02,-2.613659203052520752e-01,-2.888856455683708191e-02,7.141659855842590332e-01,1.835939884185791016e-01,1.634064018726348877e-01,1.221660494804382324e+00,2.443450212478637695e+00,-1.621425598859786987e-01,-3.389685451984405518e-01,1.880485564470291138e-02,7.141659855842590332e-01,2.340831905603408813e-01,-1.219584196805953979e-01,1.221660614013671875e+00,2.443450450897216797e+00
-2.915984987339470536e-05,-6.014034152030944824e-03,1.095683455467224121e+00,-4.836711287498474121e-02,5.540894344449043274e-02,7.023930549621582031e-01,7.079791426658630371e-01,2.413101494312286377e-02,-1.904261112213134766e-02,1.695886813104152679e-02,-2.627691328525543213e-01,-2.912518568336963654e-02,7.141659855842590332e-01,1.825485676527023315e-01,1.609437912702560425e-01,1.221660494804382324e+00,2.443450212478637695e+00,-1.631655842065811157e-01,-3.399681448936462402e-01,1.888429559767246246e-02,7.141659855842590332e-01,2.342039644718170166e-01,-1.219551712274551392e-01,1.221660614013671875e+00,2.443450450897216797e+00
-4.699948767665773630e-04,-5.787305068224668503e-03,1.095508813858032227e+00,-4.857444763183593750e-02,5.553184449672698975e-02,7.025697827339172363e-01,7.077799439430236816e-01,2.365746907889842987e-02,-1.758447661995887756e-02,1.804636977612972260e-02,-2.637425959110260010e-01,-2.937169931828975677e-02,7.141659855842590332e-01,1.816534548997879028e-01,1.587478369474411011e-01,1.221660494804382324e+00,2.443450212478637695e+00,-1.639870703220367432e-01,-3.405487537384033203e-01,1.865844987332820892e-02,7.141659855842590332e-01,2.345507293939590454e-01,-1.217971146106719971e-01,1.221660614013671875e+00,2.443450450897216797e+00
-9.745882125571370125e-04,-5.403838120400905609e-03,1.095372438430786133e+00,-4.868916049599647522e-02,5.561302229762077332e-02,7.028164863586425781e-01,7.075207233428955078e-01,2.320440858602523804e-02,-1.615523174405097961e-02,1.873491145670413971e-02,-2.642569243907928467e-01,-2.964313887059688568e-02,7.141659855842590332e-01,1.806312501430511475e-01,1.566170901060104370e-01,1.221660494804382324e+00,2.443450212478637695e+00,-1.646101623773574829e-01,-3.406632542610168457e-01,1.812843978404998779e-02,7.141659855842590332e-01,2.351464778184890747e-01,-1.213111579418182373e-01,1.221660614013671875e+00,2.443450450897216797e+00
-1.541886711493134499e-03,-4.864324349910020828e-03,1.095280766487121582e+00,-4.865659400820732117e-02,5.579952523112297058e-02,7.030143141746520996e-01,7.073116898536682129e-01,2.304876595735549927e-02,-1.471414044499397278e-02,1.893148384988307953e-02,-2.634287476539611816e-01,-2.938999980688095093e-02,7.141659855842590332e-01,1.788412332534790039e-01,1.550927460193634033e-01,1.221660375595092773e+00,2.443449974060058594e+00,-1.653344929218292236e-01,-3.406500220298767090e-01,1.713912375271320343e-02,7.141659855842590332e-01,2.356107085943222046e-01,-1.206513047218322754e-01,1.221660614013671875e+00,2.443450450897216797e+00
-2.180230570957064629e-03,-4.213743843138217926e-03,1.095194935798645020e+00,-4.860318824648857117e-02,5.569231882691383362e-02,7.033099532127380371e-01,7.070298194885253906e-01,2.275530621409416199e-02,-1.384316850453615189e-02,1.892070285975933075e-02,-2.630417943000793457e-01,-2.991290949285030365e-02,7.141659855842590332e-01,1.773998588323593140e-01,1.529945582151412964e-01,1.221660375595092773e+00,2.443449974060058594e+00,-1.659017801284790039e-01,-3.399654328823089600e-01,1.626818813383579254e-02,7.141659855842590332e-01,2.353877127170562744e-01,-1.201352104544639587e-01,1.221660614013671875e+00,2.443450450897216797e+00
-2.910419600084424019e-03,-3.552268724888563156e-03,1.095149636268615723e+00,-4.852842912077903748e-02,5.548334866762161255e-02,7.037957906723022461e-01,7.065678238868713379e-01,2.249335311353206635e-02,-1.338810939341783524e-02,1.881714351475238800e-02,-2.624040842056274414e-01,-3.035772033035755157e-02,7.141659855842590332e-01,1.756811439990997314e-01,1.512793451547622681e-01,1.221660375595092773e+00,2.443449974060058594e+00,-1.663386523723602295e-01,-3.390630185604095459e-01,1.516089588403701782e-02,7.141659855842590332e-01,2.345206141471862793e-01,-1.199395358562469482e-01,1.221660614013671875e+00,2.443450450897216797e+00
-3.628817619755864143e-03,-2.837576204910874367e-03,1.095097064971923828e+00,-4.842133074998855591e-02,5.519077926874160767e-02,7.043752074241638184e-01,7.060205340385437012e-01,2.246050536632537842e-02,-1.307881157845258713e-02,1.859339326620101929e-02,-2.615430355072021484e-01,-3.078309632837772369e-02,7.141659259796142578e-01,1.743009388446807861e-01,1.498020589351654053e-01,1.221660375595092773e+00,2.443449974060058594e+00,-1.667942553758621216e-01,-3.378852605819702148e-01,1.394254341721534729e-02,7.141659855842590332e-01,2.336515933275222778e-01,-1.197625175118446350e-01,1.221660614013671875e+00,2.443450450897216797e+00
-4.320303443819284439e-03,-1.702371751889586449e-03,1.094482302665710449e+00,-5.847168713808059692e-02,6.563596427440643311e-02,7.031704783439636230e-01,7.055665850639343262e-01,2.383651956915855408e-02,-1.498988829553127289e-02,1.929694414138793945e-02,-2.976904213428497314e-01,-3.217283263802528381e-02,7.141650319099426270e-01,1.802925765514373779e-01,1.499392241239547729e-01,1.221655488014221191e+00,2.443439960479736328e+00,-1.653323471546173096e-01,-3.725175559520721436e-01,1.751573197543621063e-02,7.141659855842590332e-01,2.392444163560867310e-01,-1.198683530092239380e-01,1.221660614013671875e+00,2.443450450897216797e+00
-5.053999833762645721e-03,-1.197400386445224285e-03,1.094218730926513672e+00,-6.176586449146270752e-02,6.970442831516265869e-02,7.027217745780944824e-01,7.053427100181579590e-01,2.663542144000530243e-02,-1.639647409319877625e-02,2.151557616889476776e-02,-3.105351328849792480e-01,-3.473998978734016418e-02,7.141637206077575684e-01,1.915136277675628662e-01,1.487942487001419067e-01,1.221648573875427246e+00,2.443425416946411133e+00,-1.655471473932266235e-01,-3.854743540287017822e-01,1.738240197300910950e-02,7.141659855842590332e-01,2.507764995098114014e-01,-1.188300922513008118e-01,1.221660614013671875e+00,2.443450450897216797e+00
-5.823475774377584457e-03,-7.911799475550651550e-04,1.094092130661010742e+00,-6.309430301189422607e-02,7.166235148906707764e-02,7.026664018630981445e-01,7.050840854644775391e-01,2.964733541011810303e-02,-1.722575165331363678e-02,2.337030321359634399e-02,-3.162511587142944336e-01,-3.700845688581466675e-02,7.141631245613098145e-01,1.979431211948394775e-01,1.463604569435119629e-01,1.221645474433898926e+00,2.443418741226196289e+00,-1.652418673038482666e-01,-3.912272751331329346e-01,1.594607159495353699e-02,7.141659855842590332e-01,2.576307952404022217e-01,-1.181704923510551453e-01,1.221660614013671875e+00,2.443450450897216797e+00
-6.588752847164869308e-03,-4.660837294068187475e-04,1.094036459922790527e+00,-6.377385556697845459e-02,7.276193052530288696e-02,7.028324007987976074e-01,7.047447562217712402e-01,3.235655277967453003e-02,-1.790955662727355957e-02,2.440783753991127014e-02,-3.193414509296417236e-01,-3.872131183743476868e-02,7.141628861427307129e-01,2.008099257946014404e-01,1.433310210704803467e-01,1.221644043922424316e+00,2.443415880203247070e+00,-1.643759757280349731e-01,-3.942516446113586426e-01,1.405537873506546021e-02,7.141659855842590332e-01,2.604650259017944336e-01,-1.184132024645805359e-01,1.221660614013671875e+00,2.443450450897216797e+00
-7.407239638268947601e-03,-2.207884972449392080e-04,1.093925833702087402e+00,-6.435710936784744263e-02,7.349073141813278198e-02,7.031716108322143555e-01,7.042775750160217285e-01,3.453296050429344177e-02,-1.859188452363014221e-02,2.480461262166500092e-02,-3.217625021934509277e-01,-3.993206471204757690e-02,7.141627669334411621e-01,2.017188817262649536e-01,1.402566432952880859e-01,1.221643567085266113e+00,2.443414688110351562e+00,-1.630087345838546753e-01,-3.963397145271301270e-01,1.213400997221469879e-02,7.141659855842590332e-01,2.611596882343292236e-01,-1.195222213864326477e-01,1.221660614013671875e+00,2.443450450897216797e+00
-8.309052325785160065e-03,1.546594830870162696e-05,1.093732357025146484e+00,-6.516130268573760986e-02,7.417242228984832764e-02,7.036390900611877441e-01,7.036650776863098145e-01,3.625510632991790771e-02,-1.911663450300693512e-02,2.460743486881256104e-02,-3.245812952518463135e-01,-4.069640487432479858e-02,7.141627669334411621e-01,2.012411952018737793e-01,1.369686573743820190e-01,1.221643447875976562e+00,2.443414449691772461e+00,-1.612169295549392700e-01,-3.985085785388946533e-01,1.032061874866485596e-02,7.141659855842590332e-01,2.609253525733947754e-01,-1.210021153092384338e-01,1.221660614013671875e+00,2.443450450897216797e+00
-9.211286902427673340e-03,2.470988838467746973e-04,1.093458294868469238e+00,-6.628026813268661499e-02,7.504586875438690186e-02,7.040753960609436035e-01,7.030311822891235352e-01,3.751818463206291199e-02,-1.920373179018497467e-02,2.364197932183742523e-02,-3.282366394996643066e-01,-4.104885458946228027e-02,7.141627669334411621e-01,2.000380605459213257e-01,1.335173100233078003e-01,1.221643567085266113e+00,2.443414926528930664e+00,-1.593065410852432251e-01,-4.014003276824951172e-01,8.703790605068206787e-03,7.141659855842590332e-01,2.603983879089355469e-01,-1.228195503354072571e-01,1.221660614013671875e+00,2.443450450897216797e+00
-1.009926106780767441e-02,3.166803508065640926e-04,1.093166351318359375e+00,-6.776348501443862915e-02,7.616514712572097778e-02,7.046200037002563477e-01,7.022233605384826660e-01,3.824940323829650879e-02,-1.876179873943328857e-02,2.190412208437919617e-02,-3.330645859241485596e-01,-4.103420302271842957e-02,7.141628265380859375e-01,1.986802667379379272e-01,1.302777379751205444e-01,1.221644043922424316e+00,2.443415880203247070e+00,-1.572337746620178223e-01,-4.052797257900238037e-01,7.392250001430511475e-03,7.141659855842590332e-01,2.596188485622406006e-01,-1.253171116113662720e-01,1.221660614013671875e+00,2.443450450897216797e+00
-1.097756437957286835e-02,1.353303669020533562e-04,1.092720985412597656e+00,-6.976129114627838135e-02,7.762277126312255859e-02,7.053416967391967773e-01,7.011427283287048340e-01,3.844187408685684204e-02,-1.776757836341857910e-02,1.899182237684726715e-02,-3.396136760711669922e-01,-4.047938063740730286e-02,7.141630053520202637e-01,1.975600868463516235e-01,1.271236985921859741e-01,1.221644878387451172e+00,2.443417787551879883e+00,-1.549376696348190308e-01,-4.106749892234802246e-01,6.394285708665847778e-03,7.141659855842590332e-01,2.586804628372192383e-01,-1.287099570035934448e-01,1.221660614013671875e+00,2.443450450897216797e+00
-1.190353650599718094e-02,-3.462993481662124395e-04,1.091989398002624512e+00,-7.266125828027725220e-02,7.966349273920059204e-02,7.062657475471496582e-01,6.996876001358032227e-01,3.801861777901649475e-02,-1.615103147923946381e-02,1.468957681208848953e-02,-3.490230441093444824e-01,-3.919030725955963135e-02,7.141633033752441406e-01,1.970845013856887817e-01,1.242367178201675415e-01,1.221646547317504883e+00,2.443421125411987305e+00,-1.520482748746871948e-01,-4.185374677181243896e-01,5.720802582800388336e-03,7.141659855842590332e-01,2.577594816684722900e-01,-1.327597945928573608e-01,1.221660614013671875e+00,2.443450450897216797e+00
-1.304247230291366577e-02,-1.213436364196240902e-03,1.090952634811401367e+00,-7.692544162273406982e-02,8.262806385755538940e-02,7.073615193367004395e-01,6.977784037590026855e-01,3.699980303645133972e-02,-1.360588055104017258e-02,9.007936343550682068e-03,-3.626736700534820557e-01,-3.701418265700340271e-02,7.141637802124023438e-01,1.964486390352249146e-01,1.214897632598876953e-01,1.221648812294006348e+00,2.443426132202148438e+00,-1.483644992113113403e-01,-4.300861060619354248e-01,5.339757539331912994e-03,7.141659855842590332e-01,2.565361857414245605e-01,-1.373459696769714355e-01,1.221660614013671875e+00,2.443450450897216797e+00
-1.455297973006963730e-02,-2.800320275127887726e-03,1.089412331581115723e+00,-8.274201303720474243e-02,8.687121421098709106e-02,7.085464000701904297e-01,6.953913569450378418e-01,3.486481681466102600e-02,-9.667049162089824677e-03,1.480293343774974346e-03,-3.819083571434020996e-01,-3.397772833704948425e-02,7.141642570495605469e-01,1.956244558095932007e-01,1.188908666372299194e-01,1.221651554107666016e+00,2.443431854248046875e+00,-1.435696333646774292e-01,-4.466188549995422363e-01,4.768283106386661530e-03,7.141659855842590332e-01,2.553764879703521729e-01,-1.434721797704696655e-01,1.221660614013671875e+00,2.443450450897216797e+00
-1.657611876726150513e-02,-5.233751609921455383e-03,1.086877822875976562e+00,-9.027313441038131714e-02,9.279134124517440796e-02,7.096533775329589844e-01,6.925551891326904297e-01,3.146088868379592896e-02,-3.688062075525522232e-03,-7.839063182473182678e-03,-4.080872237682342529e-01,-3.040338121354579926e-02,7.141647934913635254e-01,1.950147151947021484e-01,1.159389764070510864e-01,1.221654295921325684e+00,2.443437576293945312e+00,-1.379255950450897217e-01,-4.695842266082763672e-01,3.643003525212407112e-03,7.141659855842590332e-01,2.553992569446563721e-01,-1.511524021625518799e-01,1.221660614013671875e+00,2.443450450897216797e+00
-1.888064108788967133e-02,-8.465051651000976562e-03,1.082780838012695312e+00,-9.944107383489608765e-02,1.005666926503181458e-01,7.107106447219848633e-01,6.891213059425354004e-01,2.770704962313175201e-02,4.210913088172674179e-03,-1.776079647243022919e-02,-4.416022598743438721e-01,-2.689283154904842377e-02,7.141652703285217285e-01,1.971362829208374023e-01,1.126350164413452148e-01,1.221656680107116699e+00,2.443442344665527344e+00,-1.328858882188796997e-01,-4.996565878391265869e-01,2.243976341560482979e-03,7.141659855842590332e-01,2.583851218223571777e-01,-1.580181568861007690e-01,1.221660614013671875e+00,2.443450450897216797e+00
-2.119112573564052582e-02,-1.227743830531835556e-02,1.076537489891052246e+00,-1.099488213658332825e-01,1.099855601787567139e-01,7.118109464645385742e-01,6.849376559257507324e-01,2.431102469563484192e-02,1.322171930223703384e-02,-2.751606144011020660e-02,-4.815797507762908936e-01,-2.371332421898841858e-02,7.141655683517456055e-01,2.033822685480117798e-01,1.088262870907783508e-01,1.221658349037170410e+00,2.443445920944213867e+00,-1.299853622913360596e-01,-5.361644029617309570e-01,8.003836264833807945e-04,7.141659855842590332e-01,2.658797502517700195e-01,-1.625956594944000244e-01,1.221660614013671875e+00,2.443450450897216797e+00
-2.334422245621681213e-02,-1.695499941706657410e-02,1.067545890808105469e+00,-1.215263903141021729e-01,1.207126677036285400e-01,7.130753397941589355e-01,6.798406839370727539e-01,2.095926366746425629e-02,2.250305935740470886e-02,-3.662595525383949280e-02,-5.273246169090270996e-01,-2.096780017018318176e-02,7.141658067703247070e-01,2.154007852077484131e-01,1.043303534388542175e-01,1.221659541130065918e+00,2.443448305130004883e+00,-1.299895793199539185e-01,-5.782698988914489746e-01,-5.242709303274750710e-04,7.141659855842590332e-01,2.796556353569030762e-01,-1.650770008563995361e-01,1.221660614013671875e+00,2.443450450897216797e+00
-2.505793422460556030e-02,-2.215015515685081482e-02,1.055569648742675781e+00,-1.337614655494689941e-01,1.322297453880310059e-01,7.145025730133056641e-01,6.738762855529785156e-01,1.678170263767242432e-02,3.310359641909599304e-02,-4.501939937472343445e-02,-5.770343542098999023e-01,-1.851308345794677734e-02,7.141659259796142578e-01,2.351765185594558716e-01,9.899608045816421509e-02,1.221660017967224121e+00,2.443449258804321289e+00,-1.318816989660263062e-01,-6.238567233085632324e-01,-1.683067530393600464e-03,7.141659855842590332e-01,3.001327514648437500e-01,-1.688717454671859741e-01,1.221660614013671875e+00,2.443450450897216797e+00
-2.584403567016124725e-02,-2.741638012230396271e-02,1.039889574050903320e+00,-1.460349112749099731e-01,1.441660225391387939e-01,7.162759304046630859e-01,6.669623255729675293e-01,1.220332086086273193e-02,4.330652579665184021e-02,-5.468977987766265869e-02,-6.285790801048278809e-01,-1.587371714413166046e-02,7.141659259796142578e-01,2.609002590179443359e-01,9.243489056825637817e-02,1.221660256385803223e+00,2.443449735641479492e+00,-1.366774886846542358e-01,-6.706687211990356445e-01,-1.500214333645999432e-03,7.141659855842590332e-01,3.281316459178924561e-01,-1.716192215681076050e-01,1.221660614013671875e+00,2.443450450897216797e+00
-2.595458552241325378e-02,-3.281714767217636108e-02,1.020863652229309082e+00,-1.547622978687286377e-01,1.506975740194320679e-01,7.203786969184875488e-01,6.590853333473205566e-01,3.307862207293510437e-03,5.584883689880371094e-02,-6.718904525041580200e-02,-6.662495732307434082e-01,-9.411289356648921967e-03,7.141659259796142578e-01,2.913113534450531006e-01,8.468598872423171997e-02,1.221660256385803223e+00,2.443449735641479492e+00,-1.440565437078475952e-01,-7.027419805526733398e-01,-3.602927026804536581e-04,7.141659855842590332e-01,3.570743203163146973e-01,-1.730655729770660400e-01,1.221660614013671875e+00,2.443450450897216797e+00
-2.517212554812431335e-02,-3.825549036264419556e-02,9.985680580139160156e-01,-1.568391025066375732e-01,1.536227017641067505e-01,7.279402017593383789e-01,6.495418548583984375e-01,-5.495004821568727493e-03,7.342340052127838135e-02,-8.693934231996536255e-02,-6.869998574256896973e-01,-5.233718082308769226e-03,7.141659855842590332e-01,3.363035023212432861e-01,7.676367461681365967e-02,1.221660614013671875e+00,2.443450450897216797e+00,-1.655533015727996826e-01,-7.210795879364013672e-01,-6.908004870638251305e-04,7.141659855842590332e-01,3.941145241260528564e-01,-1.655813753604888916e-01,1.221660614013671875e+00,2.443450450897216797e+00
-2.379974164068698883e-02,-4.212473705410957336e-02,9.755821824073791504e-01,-1.619059443473815918e-01,1.574961096048355103e-01,7.388632893562316895e-01,6.348720192909240723e-01,-1.836889237165451050e-02,1.028629839420318604e-01,-1.197872161865234375e-01,-7.155089378356933594e-01,7.598103024065494537e-03,7.141659855842590332e-01,3.872887790203094482e-01,7.365129888057708740e-02,1.221660614013671875e+00,2.443450450897216797e+00,-1.998275816440582275e-01,-7.417650222778320312e-01,6.381274200975894928e-03,7.141659855842590332e-01,4.285543859004974365e-01,-1.567118316888809204e-01,1.221660614013671875e+00,2.443450450897216797e+00
-2.175140753388404846e-02,-4.368371143937110901e-02,9.548226594924926758e-01,-1.683369129896163940e-01,1.522636711597442627e-01,7.493596673011779785e-01,6.220438480377197266e-01,-4.170021787285804749e-02,1.249332278966903687e-01,-1.604776382446289062e-01,-7.274619340896606445e-01,4.475380480289459229e-02,7.141659855842590332e-01,4.297382831573486328e-01,7.619319111108779907e-02,1.221660614013671875e+00,2.443450450897216797e+00,-2.320042699575424194e-01,-7.417650222778320312e-01,2.749987691640853882e-02,7.141659855842590332e-01,4.526442289352416992e-01,-1.510774493217468262e-01,1.221660614013671875e+00,2.443450450897216797e+00
-1.866029761731624603e-02,-4.372403770685195923e-02,9.348886013031005859e-01,-1.807023435831069946e-01,1.414005607366561890e-01,7.548995614051818848e-01,6.143933534622192383e-01,-7.087343931198120117e-02,1.327056288719177246e-01,-2.018703669309616089e-01,-7.351521849632263184e-01,1.073922663927078247e-01,7.012395858764648438e-01,4.658743143081665039e-01,8.611808717250823975e-02,1.174917340278625488e+00,2.349961757659912109e+00,-2.720770537853240967e-01,-7.417650222778320312e-01,7.966682314872741699e-02,7.109899520874023438e-01,4.786603450775146484e-01,-1.382854431867599487e-01,1.209648966789245605e+00,2.419426441192626953e+00
-1.463213935494422913e-02,-4.303448274731636047e-02,9.184237718582153320e-01,-1.934264302253723145e-01,1.301627755165100098e-01,7.574688792228698730e-01,6.098235249519348145e-01,-9.583401679992675781e-02,1.300351917743682861e-01,-2.380774319171905518e-01,-7.387601137161254883e-01,1.723092794418334961e-01,6.858304738998413086e-01,4.912883043289184570e-01,9.787594527006149292e-02,1.125258803367614746e+00,2.250644683837890625e+00,-3.158799409866333008e-01,-7.417650222778320312e-01,1.442719250917434692e-01,6.975743174552917480e-01,4.975481033325195312e-01,-1.181875169277191162e-01,1.162591218948364258e+00,2.325309514999389648e+00
-1.140884496271610260e-02,-4.109200835227966309e-02,9.158688783645629883e-01,-2.021874189376831055e-01,1.252325326204299927e-01,7.582160234451293945e-01,6.070795059204101562e-01,-1.074704229831695557e-01,1.282579302787780762e-01,-2.613210678100585938e-01,-7.394655942916870117e-01,2.132178097963333130e-01,6.825826168060302734e-01,4.948779344558715820e-01,1.059076935052871704e-01,1.115447998046875000e+00,2.231024265289306641e+00,-3.414945900440216064e-01,-7.417650222778320312e-01,1.840518414974212646e-01,6.940378546714782715e-01,5.029007196426391602e-01,-1.048477366566658020e-01,1.151027321815490723e+00,2.302182674407958984e+00
-8.641029708087444305e-03,-3.722431883215904236e-02,9.322860240936279297e-01,-2.084634900093078613e-01,1.256711632013320923e-01,7.556108236312866211e-01,6.081135272979736328e-01,-1.067760661244392395e-01,1.189684197306632996e-01,-2.597778737545013428e-01,-7.375732660293579102e-01,2.271415889263153076e-01,6.904672384262084961e-01,4.768483340740203857e-01,1.083320602774620056e-01,1.139398813247680664e+00,2.278932332992553711e+00,-3.462129831314086914e-01,-7.417650222778320312e-01,2.040776312351226807e-01,7.016155719757080078e-01,4.983415007591247559e-01,-9.994957596063613892e-02,1.175956249237060547e+00,2.352047681808471680e+00
-5.904964637011289597e-03,-3.002285212278366089e-02,9.673886299133300781e-01,-2.044267207384109497e-01,1.211234256625175476e-01,7.562796473503112793e-01,6.095736026763916016e-01,-1.009059622883796692e-01,1.171332374215126038e-01,-2.441835701465606689e-01,-6.987260580062866211e-01,2.174331694841384888e-01,7.091221213340759277e-01,4.386817216873168945e-01,1.155822649598121643e-01,1.201063752174377441e+00,2.402263641357421875e+00,-3.368793427944183350e-01,-7.030030488967895508e-01,2.052353173494338989e-01,7.140043377876281738e-01,4.754696190357208252e-01,-9.580876678228378296e-02,1.220723509788513184e+00,2.441577434539794922e+00
-4.349475726485252380e-03,-1.714760065078735352e-02,1.011178612709045410e+00,-1.873206794261932373e-01,1.068408563733100891e-01,7.642586827278137207e-01,6.077866554260253906e-01,-9.960541129112243652e-02,1.333372294902801514e-01,-2.265776395797729492e-01,-6.122660040855407715e-01,1.880698353052139282e-01,7.141486406326293945e-01,3.951629996299743652e-01,1.330032348632812500e-01,1.221543073654174805e+00,2.443197965621948242e+00,-3.238897919654846191e-01,-6.137576103210449219e-01,1.921837627887725830e-01,7.141659855842590332e-01,4.393896460533142090e-01,-9.167481958866119385e-02,1.221660494804382324e+00,2.443450212478637695e+00
-3.522638930007815361e-03,-1.830924302339553833e-04,1.065744638442993164e+00,-1.740532517433166504e-01,1.054061129689216614e-01,7.678918242454528809e-01,6.074019670486450195e-01,-8.422999083995819092e-02,1.421518474817276001e-01,-1.772936731576919556e-01,-5.644004940986633301e-01,1.400919407606124878e-01,7.141617536544799805e-01,3.784853816032409668e-01,1.803415715694427490e-01,1.221635460853576660e+00,2.443390846252441406e+00,-3.173366487026214600e-01,-5.618410110473632812e-01,1.736631989479064941e-01,7.141659855842590332e-01,4.307830631732940674e-01,-1.068494915962219238e-01,1.221660614013671875e+00,2.443450450897216797e+00
-2.956258831545710564e-03,1.977900974452495575e-02,1.134153008460998535e+00,-1.481754332780838013e-01,9.274400025606155396e-02,7.724927067756652832e-01,6.104896664619445801e-01,-6.659255176782608032e-02,1.438161134719848633e-01,-1.108608022332191467e-01,-4.906207025051116943e-01,9.344876557588577271e-02,7.141646742820739746e-01,4.154099225997924805e-01,2.778428196907043457e-01,1.221651673316955566e+00,2.443430185317993164e+00,-3.114746212959289551e-01,-4.882386624813079834e-01,1.474454253911972046e-01,7.141659855842590332e-01,4.648014307022094727e-01,-1.641257703304290771e-01,1.221660614013671875e+00,2.443450450897216797e+00
-2.980859018862247467e-03,2.565174363553524017e-02,1.197866320610046387e+00,-1.304204314947128296e-01,8.829365670680999756e-02,7.706112861633300781e-01,6.175377964973449707e-01,-4.708864912390708923e-02,1.285799294710159302e-01,-1.046082600951194763e-01,-4.639272093772888184e-01,9.175639599561691284e-02,7.141650915145874023e-01,4.196226298809051514e-01,3.440990447998046875e-01,1.221654534339904785e+00,2.443437337875366211e+00,-2.810261249542236328e-01,-4.721437990665435791e-01,1.110714524984359741e-01,7.141659855842590332e-01,5.031175017356872559e-01,-2.215955406427383423e-01,1.221660614013671875e+00,2.443450450897216797e+00
-1.697449479252099991e-03,6.050581578165292740e-03,1.254531979560852051e+00,-1.371788084506988525e-01,1.008746474981307983e-01,7.621136307716369629e-01,6.246511340141296387e-01,-4.554751515388488770e-02,1.101631224155426025e-01,-1.174870058894157410e-01,-4.641363024711608887e-01,9.750792384147644043e-02,7.141659855842590332e-01,4.546329677104949951e-01,3.333874642848968506e-01,1.221660614013671875e+00,2.443450450897216797e+00,-2.599202096462249756e-01,-4.719292223453521729e-01,8.856181800365447998e-02,7.141659855842590332e-01,5.601796507835388184e-01,-2.379061579704284668e-01,1.221660614013671875e+00,2.443450450897216797e+00
-3.665639960672706366e-04,-2.267042174935340881e-02,1.311629772186279297e+00,-1.562432944774627686e-01,1.149688661098480225e-01,7.486221790313720703e-01,6.339834332466125488e-01,-5.318653956055641174e-02,8.502125740051269531e-02,-1.320581287145614624e-01,-4.712817966938018799e-01,1.067975163459777832e-01,7.141659855842590332e-01,5.652820467948913574e-01,2.873809337615966797e-01,1.221660614013671875e+00,2.443450450897216797e+00,-2.418415546417236328e-01,-4.819141328334808350e-01,7.597281783819198608e-02,7.141648530960083008e-01,6.612774133682250977e-01,-2.131989151239395142e-01,1.221654176712036133e+00,2.443437337875366211e+00
-1.317973132245242596e-03,-3.981615602970123291e-02,1.353155493736267090e+00,-1.844200938940048218e-01,1.316342055797576904e-01,7.308981418609619141e-01,6.437775492668151855e-01,-6.041790544986724854e-02,5.020361021161079407e-02,-1.507812142372131348e-01,-5.108304023742675781e-01,1.309110224246978760e-01,7.141659855842590332e-01,6.631294488906860352e-01,2.335579842329025269e-01,1.221660614013671875e+00,2.443450450897216797e+00,-2.180911898612976074e-01,-5.323870778083801270e-01,8.297450840473175049e-02,7.141612768173217773e-01,6.632247567176818848e-01,-1.571822613477706909e-01,1.221636772155761719e+00,2.443402051925659180e+00
-3.313146065920591354e-03,-4.426287859678268433e-02,1.365111470222473145e+00,-2.098895460367202759e-01,1.524808406829833984e-01,7.189082503318786621e-01,6.448774337768554688e-01,-5.922512710094451904e-02,2.498229406774044037e-02,-1.801174581050872803e-01,-5.803298950195312500e-01,1.615548133850097656e-01,7.141659855842590332e-01,6.632249951362609863e-01,2.361230105161666870e-01,1.221660614013671875e+00,2.443450450897216797e+00,-1.873504221439361572e-01,-6.141514778137207031e-01,1.129839122295379639e-01,7.140382528305053711e-01,6.632249951362609863e-01,-1.468129158020019531e-01,1.220957279205322266e+00,2.442046403884887695e+00
-4.880629479885101318e-03,-4.851394146680831909e-02,1.369783997535705566e+00,-2.157788425683975220e-01,1.601746231317520142e-01,7.154383063316345215e-01,6.449275612831115723e-01,-5.184697732329368591e-02,1.953398995101451874e-02,-2.081182897090911865e-01,-5.947587490081787109e-01,1.800978928804397583e-01,7.141659855842590332e-01,6.632249951362609863e-01,2.585790753364562988e-01,1.221660614013671875e+00,2.443450450897216797e+00,-1.636851578950881958e-01,-6.344963312149047852e-01,1.278022229671478271e-01,7.140855193138122559e-01,6.632249951362609863e-01,-1.546323597431182861e-01,1.221242904663085938e+00,2.442617177963256836e+00
-2.621840452775359154e-03,-4.326667264103889465e-02,1.341075658798217773e+00,-1.907384097576141357e-01,1.489378064870834351e-01,7.285411953926086426e-01,6.408308148384094238e-01,-3.563064336776733398e-02,2.533433400094509125e-02,-2.003998458385467529e-01,-5.541641712188720703e-01,1.400262564420700073e-01,7.141638994216918945e-01,6.632249951362609863e-01,2.951080203056335449e-01,1.221650123596191406e+00,2.443428277969360352e+00,-1.709701120853424072e-01,-5.900354385375976562e-01,1.135398298501968384e-01,7.141659855842590332e-01,6.632249951362609863e-01,-1.733336895704269409e-01,1.221660494804382324e+00,2.443450212478637695e+00
-1.123083056882023811e-03,-3.030987456440925598e-02,1.296261072158813477e+00,-1.628735810518264771e-01,1.397018879652023315e-01,7.435368895530700684e-01,6.333312392234802246e-01,-2.074194140732288361e-02,3.731339424848556519e-02,-1.939556300640106201e-01,-5.219916105270385742e-01,8.750981837511062622e-02,7.141600251197814941e-01,6.461735963821411133e-01,3.345761895179748535e-01,1.221625685691833496e+00,2.443374156951904297e+00,-1.959467083215713501e-01,-5.552543401718139648e-01,8.150841295719146729e-02,7.141659855842590332e-01,6.632249951362609863e-01,-1.956577152013778687e-01,1.221660614013671875e+00,2.443450450897216797e+00
-2.510138147044926882e-04,-1.294813212007284164e-02,1.243005514144897461e+00,-1.389920115470886230e-01,1.277768313884735107e-01,7.561135292053222656e-01,6.266151666641235352e-01,-1.181151904165744781e-02,5.154900625348091125e-02,-1.802757829427719116e-01,-4.974301755428314209e-01,5.032450705766677856e-02,7.141607403755187988e-01,5.715331435203552246e-01,3.670785129070281982e-01,1.221628665924072266e+00,2.443379163742065430e+00,-2.251089513301849365e-01,-5.237640142440795898e-01,4.663407057523727417e-02,7.141659855842590332e-01,6.030201315879821777e-01,-2.098063230514526367e-01,1.221660614013671875e+00,2.443450450897216797e+00
-7.288662018254399300e-04,3.470735624432563782e-03,1.182680130004882812e+00,-1.197067350149154663e-01,1.154611855745315552e-01,7.630428075790405273e-01,6.245836019515991211e-01,-2.696525771170854568e-03,5.740754306316375732e-02,-1.669131070375442505e-01,-4.802637696266174316e-01,3.163572028279304504e-02,7.141640186309814453e-01,4.899698197841644287e-01,3.904339671134948730e-01,1.221648573875427246e+00,2.443424224853515625e+00,-2.534339725971221924e-01,-4.851425588130950928e-01,2.453315258026123047e-02,7.141659855842590332e-01,5.361024141311645508e-01,-2.191577106714248657e-01,1.221660614013671875e+00,2.443450450897216797e+00
-7.831961847841739655e-04,6.255637388676404953e-03,1.119625568389892578e+00,-9.834723174571990967e-02,9.588571637868881226e-02,7.688063979148864746e-01,6.245561838150024414e-01,4.394248127937316895e-03,5.519036576151847839e-02,-1.531483978033065796e-01,-4.233047068119049072e-01,1.668288744986057281e-02,7.141659855842590332e-01,3.649196922779083252e-01,3.772817254066467285e-01,1.221660614013671875e+00,2.443450450897216797e+00,-2.714430093765258789e-01,-4.131236374378204346e-01,1.456106547266244888e-02,7.141659855842590332e-01,4.240705966949462891e-01,-1.973397284746170044e-01,1.221660614013671875e+00,2.443450450897216797e+00
-1.776426332071423531e-03,-6.575684528797864914e-04,1.059909462928771973e+00,-1.108049079775810242e-01,1.041963919997215271e-01,7.710660099983215332e-01,6.183224320411682129e-01,6.745504215359687805e-03,5.687676370143890381e-02,-1.597343981266021729e-01,-4.624528884887695312e-01,2.637822180986404419e-02,7.141659855842590332e-01,2.871127128601074219e-01,2.634242475032806396e-01,1.221660614013671875e+00,2.443450450897216797e+00,-2.615090608596801758e-01,-4.662500023841857910e-01,1.628673076629638672e-02,7.141659855842590332e-01,3.221046328544616699e-01,-1.498742550611495972e-01,1.221660614013671875e+00,2.443450450897216797e+00
-4.629212431609630585e-03,-1.600918173789978027e-02,1.014062047004699707e+00,-1.310536414384841919e-01,1.181997358798980713e-01,7.691605091094970703e-01,6.142033934593200684e-01,6.403560750186443329e-03,4.443516954779624939e-02,-1.597446203231811523e-01,-5.396566390991210938e-01,4.128445312380790710e-02,7.141659855842590332e-01,2.842093408107757568e-01,1.658083647489547729e-01,1.221660614013671875e+00,2.443450450897216797e+00,-2.723437249660491943e-01,-5.729762315750122070e-01,1.998512819409370422e-02,7.141659855842590332e-01,3.258932530879974365e-01,-1.189218983054161072e-01,1.221660614013671875e+00,2.443450450897216797e+00
-3.586987499147653580e-03,-3.000185638666152954e-02,9.857111573219299316e-01,-1.535594910383224487e-01,1.386043578386306763e-01,7.647082209587097168e-01,6.102701425552368164e-01,1.003991253674030304e-02,2.589363045990467072e-02,-1.645715236663818359e-01,-6.287710070610046387e-01,5.286134034395217896e-02,7.141659855842590332e-01,3.562456965446472168e-01,1.369557827711105347e-01,1.221660614013671875e+00,2.443450450897216797e+00,-2.750114202499389648e-01,-6.664695143699645996e-01,2.651451341807842255e-02,7.141659855842590332e-01,3.793846070766448975e-01,-1.176041439175605774e-01,1.221660614013671875e+00,2.443450450897216797e+00
-5.674558691680431366e-03,-2.966549992561340332e-02,9.783765077590942383e-01,-1.644510030746459961e-01,1.462716311216354370e-01,7.626792192459106445e-01,6.081783175468444824e-01,-3.799819387495517731e-03,2.811224758625030518e-02,-1.686059385538101196e-01,-6.669253110885620117e-01,6.272511184215545654e-02,7.141643762588500977e-01,3.910409510135650635e-01,1.263102293014526367e-01,1.221653342247009277e+00,2.443435907363891602e+00,-2.813184559345245361e-01,-6.965188384056091309e-01,3.679868578910827637e-02,7.141659855842590332e-01,4.204727709293365479e-01,-1.354958266019821167e-01,1.221660614013671875e+00,2.443450450897216797e+00
-8.357441984117031097e-03,-2.557084895670413971e-02,9.849340319633483887e-01,-1.640496402978897095e-01,1.414359211921691895e-01,7.628831267356872559e-01,6.091740131378173828e-01,-2.067754231393337250e-02,3.943705931305885315e-02,-1.744873374700546265e-01,-6.525650620460510254e-01,7.146728038787841797e-02,7.141623497009277344e-01,3.958131968975067139e-01,1.290040016174316406e-01,1.221643924713134766e+00,2.443416357040405273e+00,-2.853997051715850830e-01,-6.788687705993652344e-01,4.357081651687622070e-02,7.141659855842590332e-01,4.288412034511566162e-01,-1.491245180368423462e-01,1.221660614013671875e+00,2.443450450897216797e+00
-9.606306441128253937e-03,-1.976457983255386353e-02,1.004288315773010254e+00,-1.581552773714065552e-01,1.317795813083648682e-01,7.634674310684204102e-01,6.121588945388793945e-01,-3.532962501049041748e-02,5.744804814457893372e-02,-1.772546023130416870e-01,-6.127253770828247070e-01,7.609723508358001709e-02,7.141613960266113281e-01,3.830011487007141113e-01,1.361935138702392578e-01,1.221639394760131836e+00,2.443405866622924805e+00,-2.806543111801147461e-01,-6.388920545578002930e-01,4.665872454643249512e-02,7.141659855842590332e-01,4.171517491340637207e-01,-1.567194610834121704e-01,1.221660614013671875e+00,2.443450450897216797e+00
-1.126819010823965073e-02,-1.520234066992998123e-02,1.029294490814208984e+00,-1.501227468252182007e-01,1.222236305475234985e-01,7.624276280403137207e-01,6.174371838569641113e-01,-4.575051367282867432e-02,7.462898641824722290e-02,-1.696713417768478394e-01,-5.684297084808349609e-01,7.103972882032394409e-02,7.141609191894531250e-01,3.621473312377929688e-01,1.504385024309158325e-01,1.221635222434997559e+00,2.443395137786865234e+00,-2.689478397369384766e-01,-5.968680977821350098e-01,4.479685798287391663e-02,7.141659855842590332e-01,3.983929455280303955e-01,-1.640669852495193481e-01,1.221660614013671875e+00,2.443450450897216797e+00
-1.241340860724449158e-02,-1.270570512861013412e-02,1.052003145217895508e+00,-1.429242938756942749e-01,1.167842000722885132e-01,7.586652040481567383e-01,6.247889399528503418e-01,-4.679385200142860413e-02,8.487495779991149902e-02,-1.554946303367614746e-01,-5.359744429588317871e-01,5.885348096489906311e-02,7.141609787940979004e-01,3.357237875461578369e-01,1.638382524251937866e-01,1.221633553504943848e+00,2.443389892578125000e+00,-2.515197396278381348e-01,-5.683935284614562988e-01,3.897744044661521912e-02,7.141659855842590332e-01,3.775169551372528076e-01,-1.692672669887542725e-01,1.221660614013671875e+00,2.443450450897216797e+00
-1.157360989600419998e-02,-1.161122601479291916e-02,1.068700671195983887e+00,-1.349455118179321289e-01,1.122658923268318176e-01,7.538571953773498535e-01,6.331551671028137207e-01,-4.224132746458053589e-02,8.844185620546340942e-02,-1.362892836332321167e-01,-5.078808069229125977e-01,4.461888223886489868e-02,7.141613364219665527e-01,3.053391277790069580e-01,1.709264963865280151e-01,1.221635103225708008e+00,2.443392992019653320e+00,-2.349370568990707397e-01,-5.443136692047119141e-01,3.323469683527946472e-02,7.141659855842590332e-01,3.510133624076843262e-01,-1.732120662927627563e-01,1.221660614013671875e+00,2.443450450897216797e+00
-9.881902486085891724e-03,-1.150943897664546967e-02,1.078526496887207031e+00,-1.260391771793365479e-01,1.059891283512115479e-01,7.503858804702758789e-01,6.401574015617370605e-01,-3.686469420790672302e-02,8.815794438123703003e-02,-1.139824092388153076e-01,-4.790693223476409912e-01,3.202756866812705994e-02,7.141619324684143066e-01,2.730002403259277344e-01,1.755495816469192505e-01,1.221638679504394531e+00,2.443401813507080078e+00,-2.269252240657806396e-01,-5.181697607040405273e-01,3.095384687185287476e-02,7.141659855842590332e-01,3.180727660655975342e-01,-1.779611557722091675e-01,1.221660614013671875e+00,2.443450450897216797e+00
-8.972383104264736176e-03,-1.389869675040245056e-02,1.082445144653320312e+00,-1.193481087684631348e-01,1.012082397937774658e-01,7.476633787155151367e-01,6.453776955604553223e-01,-2.977741882205009460e-02,8.508118242025375366e-02,-9.077023714780807495e-02,-4.616746306419372559e-01,2.035931125283241272e-02,7.141627073287963867e-01,2.473554462194442749e-01,1.735396534204483032e-01,1.221643209457397461e+00,2.443413019180297852e+00,-2.299764603376388550e-01,-5.031644105911254883e-01,3.372311219573020935e-02,7.141659855842590332e-01,2.888922989368438721e-01,-1.775244325399398804e-01,1.221660614013671875e+00,2.443450450897216797e+00
-8.485612459480762482e-03,-1.818804629147052765e-02,1.083136796951293945e+00,-1.153750047087669373e-01,9.873379766941070557e-02,7.452558875083923340e-01,6.492564082145690918e-01,-2.167849242687225342e-02,7.947798818349838257e-02,-6.888902187347412109e-02,-4.562527239322662354e-01,1.036588195711374283e-02,7.141634821891784668e-01,2.308647930622100830e-01,1.650440096855163574e-01,1.221647381782531738e+00,2.443422555923461914e+00,-2.406932413578033447e-01,-5.004800558090209961e-01,4.052234813570976257e-02,7.141659855842590332e-01,2.672132849693298340e-01,-1.677927374839782715e-01,1.221660614013671875e+00,2.443450450897216797e+00
-7.839668542146682739e-03,-2.200963348150253296e-02,1.082998871803283691e+00,-1.136463806033134460e-01,9.754169732332229614e-02,7.431549429893493652e-01,6.521432995796203613e-01,-1.502378471195697784e-02,7.125926017761230469e-02,-5.116381496191024780e-02,-4.567573964595794678e-01,4.240009933710098267e-03,7.141639590263366699e-01,2.215885221958160400e-01,1.544373631477355957e-01,1.221649885177612305e+00,2.443428039550781250e+00,-2.492610067129135132e-01,-5.029451847076416016e-01,4.749343171715736389e-02,7.141659855842590332e-01,2.536923289299011230e-01,-1.562789976596832275e-01,1.221660614013671875e+00,2.443450450897216797e+00
-7.195357698947191238e-03,-2.501645497977733612e-02,1.083332538604736328e+00,-1.121125295758247375e-01,9.608614444732666016e-02,7.412512302398681641e-01,6.547861099243164062e-01,-1.206135004758834839e-02,6.219036877155303955e-02,-3.945349156856536865e-02,-4.559616148471832275e-01,1.229465124197304249e-03,7.141638398170471191e-01,2.172907888889312744e-01,1.457747668027877808e-01,1.221649408340454102e+00,2.443427324295043945e+00,-2.506834566593170166e-01,-5.029875636100769043e-01,5.075410380959510803e-02,7.141659855842590332e-01,2.501217722892761230e-01,-1.486349105834960938e-01,1.221660614013671875e+00,2.443450450897216797e+00
-6.982008926570415497e-03,-2.731147781014442444e-02,1.084345579147338867e+00,-1.093668043613433838e-01,9.405142068862915039e-02,7.392998933792114258e-01,6.577453017234802246e-01,-9.752015583217144012e-03,5.459486693143844604e-02,-3.202462568879127502e-02,-4.503051936626434326e-01,-1.434343284927308559e-03,7.141633629798889160e-01,2.172654271125793457e-01,1.423327326774597168e-01,1.221646904945373535e+00,2.443421840667724609e+00,-2.488674074411392212e-01,-4.985186755657196045e-01,5.047044530510902405e-02,7.141659855842590332e-01,2.522505521774291992e-01,-1.444499492645263672e-01,1.221660614013671875e+00,2.443450450897216797e+00
-6.774131674319505692e-03,-2.882160805165767670e-02,1.085941195487976074e+00,-1.056282296776771545e-01,9.161372482776641846e-02,7.376240491867065430e-01,6.605757474899291992e-01,-6.406577769666910172e-03,4.789447411894798279e-02,-2.730489522218704224e-02,-4.405823945999145508e-01,-4.077340010553598404e-03,7.141628861427307129e-01,2.182354182004928589e-01,1.435784548521041870e-01,1.221644163131713867e+00,2.443416118621826172e+00,-2.453830391168594360e-01,-4.902732372283935547e-01,4.767132550477981567e-02,7.141659855842590332e-01,2.547415494918823242e-01,-1.423407942056655884e-01,1.221660614013671875e+00,2.443450450897216797e+00
-6.503883749246597290e-03,-2.954625152051448822e-02,1.087824583053588867e+00,-1.012025848031044006e-01,8.858998119831085205e-02,7.361770868301391602e-01,6.632896661758422852e-01,-2.677714917808771133e-03,4.162206128239631653e-02,-2.398387342691421509e-02,-4.275326728820800781e-01,-6.440785713493824005e-03,7.141624689102172852e-01,2.182059437036514282e-01,1.480140537023544312e-01,1.221641778945922852e+00,2.443410873413085938e+00,-2.394820451736450195e-01,-4.788205921649932861e-01,4.296847060322761536e-02,7.141659855842590332e-01,2.552317082881927490e-01,-1.410807222127914429e-01,1.221660614013671875e+00,2.443450450897216797e+00
-6.043624598532915115e-03,-2.941324189305305481e-02,1.089539051055908203e+00,-9.626478701829910278e-02,8.514058589935302734e-02,7.346450686454772949e-01,6.661686897277832031e-01,1.360750989988446236e-03,3.571848943829536438e-02,-2.069908753037452698e-02,-4.120916426181793213e-01,-8.675319142639636993e-03,7.141621112823486328e-01,2.161864191293716431e-01,1.533427089452743530e-01,1.221639871597290039e+00,2.443406820297241211e+00,-2.321491241455078125e-01,-4.652004241943359375e-01,3.752743452787399292e-02,7.141659855842590332e-01,2.533795535564422607e-01,-1.403522044420242310e-01,1.221660614013671875e+00,2.443450450897216797e+00
-5.408855620771646500e-03,-2.855342254042625427e-02,1.090739011764526367e+00,-9.118332713842391968e-02,8.163545280694961548e-02,7.328930497169494629e-01,6.692451238632202148e-01,5.472328979521989822e-03,3.017500787973403931e-02,-1.583267189562320709e-02,-3.958467841148376465e-01,-1.103299390524625778e-02,7.141618728637695312e-01,2.127282023429870605e-01,1.572827994823455811e-01,1.221638560295104980e+00,2.443403959274291992e+00,-2.251920551061630249e-01,-4.511674344539642334e-01,3.233598172664642334e-02,7.141659855842590332e-01,2.508015632629394531e-01,-1.396703273057937622e-01,1.221660614013671875e+00,2.443450450897216797e+00
-4.697720520198345184e-03,-2.713348530232906342e-02,1.091450095176696777e+00,-8.629383891820907593e-02,7.832168787717819214e-02,7.307760119438171387e-01,6.725960969924926758e-01,9.382921271026134491e-03,2.491384744644165039e-02,-8.192790672183036804e-03,-3.799983561038970947e-01,-1.377299707382917404e-02,7.141616940498352051e-01,2.085303217172622681e-01,1.586077362298965454e-01,1.221637725830078125e+00,2.443402051925659180e+00,-2.198721021413803101e-01,-4.379798471927642822e-01,2.815436571836471558e-02,7.141659855842590332e-01,2.485978901386260986e-01,-1.380739957094192505e-01,1.221660614013671875e+00,2.443450450897216797e+00
-4.054139833897352219e-03,-2.537633478641510010e-02,1.091915607452392578e+00,-8.171427249908447266e-02,7.526126503944396973e-02,7.284080982208251953e-01,6.760770082473754883e-01,1.328542269766330719e-02,1.920257881283760071e-02,1.577341463416814804e-03,-3.649340569972991943e-01,-1.684525236487388611e-02,7.141615152359008789e-01,2.048594951629638672e-01,1.573201268911361694e-01,1.221636056900024414e+00,2.443398714065551758e+00,-2.160592377185821533e-01,-4.258759915828704834e-01,2.490977570414543152e-02,7.141659855842590332e-01,2.466223388910293579e-01,-1.360018700361251831e-01,1.221660614013671875e+00,2.443450450897216797e+00
-3.550535067915916443e-03,-2.370867691934108734e-02,1.092365264892578125e+00,-7.733772695064544678e-02,7.228360325098037720e-02,7.259993553161621094e-01,6.794989705085754395e-01,1.699658297002315521e-02,1.260140817612409592e-02,1.100728288292884827e-02,-3.503172397613525391e-01,-1.965995319187641144e-02,7.141612172126770020e-01,2.021468132734298706e-01,1.556427478790283203e-01,1.221634268760681152e+00,2.443394660949707031e+00,-2.113994657993316650e-01,-4.141879379749298096e-01,2.157662436366081238e-02,7.141659855842590332e-01,2.453925907611846924e-01,-1.351861357688903809e-01,1.221660614013671875e+00,2.443450450897216797e+00
-3.005202161148190498e-03,-2.223702333867549896e-02,1.093097329139709473e+00,-7.311738282442092896e-02,6.926397234201431274e-02,7.236724495887756348e-01,6.827551126480102539e-01,1.984214223921298981e-02,5.864928942173719406e-03,1.846998929977416992e-02,-3.357178568840026855e-01,-2.157547511160373688e-02,7.141609787940979004e-01,2.000105232000350952e-01,1.557349264621734619e-01,1.221632361412048340e+00,2.443390846252441406e+00,-2.036997526884078979e-01,-4.021856486797332764e-01,1.740260422229766846e-02,7.141659855842590332e-01,2.438301593065261841e-01,-1.359413117170333862e-01,1.221660614013671875e+00,2.443450450897216797e+00
-2.361174440011382103e-03,-2.068013884127140045e-02,1.094055652618408203e+00,-6.919123232364654541e-02,6.624804437160491943e-02,7.213936448097229004e-01,6.858680248260498047e-01,2.179619856178760529e-02,-6.019519059918820858e-04,2.474603243172168732e-02,-3.211682438850402832e-01,-2.253833971917629242e-02,7.141607999801635742e-01,1.974332183599472046e-01,1.572513282299041748e-01,1.221631288528442383e+00,2.443388462066650391e+00,-1.940615177154541016e-01,-3.898525238037109375e-01,1.303077954798936844e-02,7.141659855842590332e-01,2.406803816556930542e-01,-1.383371204137802124e-01,1.221660614013671875e+00,2.443450450897216797e+00
-1.688907621428370476e-03,-1.903137192130088806e-02,1.094900846481323242e+00,-6.580998748540878296e-02,6.346601992845535278e-02,7.190892696380615234e-01,6.888771653175354004e-01,2.346637286245822906e-02,-6.535937543958425522e-03,3.103245794773101807e-02,-3.078090548515319824e-01,-2.294614538550376892e-02,7.141607999801635742e-01,1.941022574901580811e-01,1.589121073484420776e-01,1.221631169319152832e+00,2.443388223648071289e+00,-1.841832846403121948e-01,-3.784406781196594238e-01,9.356347844004631042e-03,7.141659855842590332e-01,2.361183017492294312e-01,-1.410455405712127686e-01,1.221660614013671875e+00,2.443450450897216797e+00
-1.118125859647989273e-03,-1.745932921767234802e-02,1.095592141151428223e+00,-6.302869319915771484e-02,6.112163513898849487e-02,7.165524959564208984e-01,6.919856071472167969e-01,2.501240372657775879e-02,-1.165664102882146835e-02,3.744877129793167114e-02,-2.963273525238037109e-01,-2.321465685963630676e-02,7.141608595848083496e-01,1.901912987232208252e-01,1.603016406297683716e-01,1.221631646156311035e+00,2.443389177322387695e+00,-1.748667210340499878e-01,-3.689902126789093018e-01,6.510152015835046768e-03,7.141659855842590332e-01,2.313275188207626343e-01,-1.430729925632476807e-01,1.221660614013671875e+00,2.443450450897216797e+00
-7.663990254513919353e-04,-1.613616012036800385e-02,1.096114397048950195e+00,-6.072183698415756226e-02,5.933183804154396057e-02,7.137501835823059082e-01,6.952360868453979492e-01,2.639812976121902466e-02,-1.634595356881618500e-02,4.387715831398963928e-02,-2.867937386035919189e-01,-2.367396652698516846e-02,7.141609191894531250e-01,1.863641440868377686e-01,1.616325527429580688e-01,1.221632122993469238e+00,2.443390369415283203e+00,-1.664882898330688477e-01,-3.617873787879943848e-01,4.170234780758619308e-03,7.141659855842590332e-01,2.275301069021224976e-01,-1.439080238342285156e-01,1.221660614013671875e+00,2.443450450897216797e+00
-7.291988586075603962e-04,-1.519978418946266174e-02,1.096370458602905273e+00,-5.889133736491203308e-02,5.817537754774093628e-02,7.108269929885864258e-01,6.984786391258239746e-01,2.742784470319747925e-02,-2.129204012453556061e-02,4.988757520914077759e-02,-2.795048952102661133e-01,-2.458874695003032684e-02,7.141609787940979004e-01,1.836904883384704590e-01,1.623168587684631348e-01,1.221632599830627441e+00,2.443391323089599609e+00,-1.590461581945419312e-01,-3.570318222045898438e-01,1.972205936908721924e-03,7.141659855842590332e-01,2.252662628889083862e-01,-1.436757892370223999e-01,1.221660614013671875e+00,2.443450450897216797e+00
-9.192152647301554680e-04,-1.451124623417854309e-02,1.096423983573913574e+00,-5.748567357659339905e-02,5.764749273657798767e-02,7.078009843826293945e-01,7.017050385475158691e-01,2.815743349492549896e-02,-2.608985453844070435e-02,5.527548491954803467e-02,-2.741788327693939209e-01,-2.600741945207118988e-02,7.141610383987426758e-01,1.821834892034530640e-01,1.627548336982727051e-01,1.221632957458496094e+00,2.443392276763916016e+00,-1.526863723993301392e-01,-3.544461131095886230e-01,-8.505382720613852143e-05,7.141659855842590332e-01,2.244369536638259888e-01,-1.428658068180084229e-01,1.221660614013671875e+00,2.443450450897216797e+00
-1.123155932873487473e-03,-1.398244034498929977e-02,1.096485018730163574e+00,-5.636045709252357483e-02,5.755261331796646118e-02,7.048438787460327148e-01,7.047739624977111816e-01,2.874229103326797485e-02,-3.095469065010547638e-02,5.981690064072608948e-02,-2.701843678951263428e-01,-2.775764092803001404e-02,7.141610383987426758e-01,1.814459413290023804e-01,1.631020009517669678e-01,1.221632957458496094e+00,2.443392515182495117e+00,-1.475390940904617310e-01,-3.531805276870727539e-01,-1.856124610640108585e-03,7.141659855842590332e-01,2.246308624744415283e-01,-1.419406831264495850e-01,1.221660614013671875e+00,2.443450450897216797e+00
-1.095645828172564507e-03,-1.352882571518421173e-02,1.096624612808227539e+00,-5.547993257641792297e-02,5.767259374260902405e-02,7.022181153297424316e-01,7.074500322341918945e-01,2.936799079179763794e-02,-3.593505918979644775e-02,6.343003362417221069e-02,-2.671522200107574463e-01,-2.940405160188674927e-02,7.141610383987426758e-01,1.811857670545578003e-01,1.634355932474136353e-01,1.221633076667785645e+00,2.443392753601074219e+00,-1.435813754796981812e-01,-3.524422645568847656e-01,-3.164454828947782516e-03,7.141659855842590332e-01,2.252224236726760864e-01,-1.411157846450805664e-01,1.221660614013671875e+00,2.443450450897216797e+00
-7.250053458847105503e-04,-1.298453938215970993e-02,1.096915483474731445e+00,-5.481436476111412048e-02,5.787715315818786621e-02,7.001522779464721680e-01,7.095296978950500488e-01,2.982980944216251373e-02,-4.107848182320594788e-02,6.570443511009216309e-02,-2.647014260292053223e-01,-3.059890121221542358e-02,7.141610980033874512e-01,1.808295994997024536e-01,1.637139618396759033e-01,1.221633434295654297e+00,2.443393468856811523e+00,-1.403788030147552490e-01,-3.516357839107513428e-01,-4.052385222166776657e-03,7.141659855842590332e-01,2.254554927349090576e-01,-1.407583653926849365e-01,1.221660614013671875e+00,2.443450450897216797e+00
1.054676904459483922e-04,-1.246592123061418533e-02,1.097240686416625977e+00,-5.417815968394279480e-02,5.808711796998977661e-02,6.985794305801391602e-01,7.111099958419799805e-01,3.018086403608322144e-02,-4.616887867450714111e-02,6.673476099967956543e-02,-2.626087665557861328e-01,-3.125011175870895386e-02,7.141612172126770020e-01,1.795823425054550171e-01,1.641844958066940308e-01,1.221633911132812500e+00,2.443394660949707031e+00,-1.383737623691558838e-01,-3.505709767341613770e-01,-4.515572916716337204e-03,7.141659855842590332e-01,2.254811227321624756e-01,-1.409167796373367310e-01,1.221660614013671875e+00,2.443450450897216797e+00
1.220567733980715275e-03,-1.235242839902639389e-02,1.097627639770507812e+00,-5.343608558177947998e-02,5.822689086198806763e-02,6.974908113479614258e-01,7.122223973274230957e-01,3.051966428756713867e-02,-5.190588533878326416e-02,6.573297083377838135e-02,-2.609066665172576904e-01,-3.138269856572151184e-02,7.141612768173217773e-01,1.770217716693878174e-01,1.650720983743667603e-01,1.221634387969970703e+00,2.443395614624023438e+00,-1.374964863061904907e-01,-3.494251966476440430e-01,-4.847517237067222595e-03,7.141659855842590332e-01,2.247537076473236084e-01,-1.411468088626861572e-01,1.221660614013671875e+00,2.443450450897216797e+00
2.266413299366831779e-03,-1.294532883912324905e-02,1.098038792610168457e+00,-5.247756838798522949e-02,5.827605724334716797e-02,6.964894533157348633e-01,7.132688164710998535e-01,3.001979738473892212e-02,-5.800577998161315918e-02,6.226097047328948975e-02,-2.592889964580535889e-01,-3.137830644845962524e-02,7.141614556312561035e-01,1.739532947540283203e-01,1.659102141857147217e-01,1.221635699272155762e+00,2.443398475646972656e+00,-1.384045183658599854e-01,-3.485620617866516113e-01,-5.141258705407381058e-03,7.141659855842590332e-01,2.240564376115798950e-01,-1.411021649837493896e-01,1.221660614013671875e+00,2.443450450897216797e+00
3.853946458548307419e-03,-9.997745044529438019e-03,1.097730159759521484e+00,-5.198210105299949646e-02,5.885433405637741089e-02,6.957386732101440430e-01,7.139900326728820801e-01,2.987113967537879944e-02,-6.194968521595001221e-02,5.965217947959899902e-02,-2.555998265743255615e-01,-3.060569986701011658e-02,7.141616344451904297e-01,1.709726154804229736e-01,1.701944470405578613e-01,1.221637368202209473e+00,2.443401813507080078e+00,-1.392339468002319336e-01,-3.457486629486083984e-01,-6.109147332608699799e-03,7.141659855842590332e-01,2.271953672170639038e-01,-1.424072235822677612e-01,1.221660614013671875e+00,2.443450450897216797e+00
