1.093738479539752007e-03,-1.750097051262855530e-02,9.953331947326660156e-01,-7.752931863069534302e-02,8.220599591732025146e-02,6.961359977722167969e-01,7.089612483978271484e-01,8.096300996840000153e-03,-2.841508574783802032e-02,-3.372532315552234650e-03,-3.300946354866027832e-01,-4.525995999574661255e-02,5.537915229797363281e-01,2.417542189359664917e-01,1.885046213865280151e-01,8.152099847793579102e-01,1.630704283714294434e+00,-1.520657539367675781e-01,-4.149215221405029297e-01,6.131444498896598816e-02,5.611506700515747070e-01,2.872976064682006836e-01,-1.080156490206718445e-01,8.294585943222045898e-01,1.659190654754638672e+00
7.472895085811614990e-04,-1.803748123347759247e-02,1.009839892387390137e+00,-7.799055427312850952e-02,8.232972025871276855e-02,6.956900358200073242e-01,7.093339562416076660e-01,9.735158644616603851e-03,-2.723461575806140900e-02,-5.471692420542240143e-03,-3.260935842990875244e-01,-3.837552294135093689e-02,5.865485668182373047e-01,2.240757048130035400e-01,1.891547441482543945e-01,8.808494806289672852e-01,1.761919379234313965e+00,-1.465101987123489380e-01,-4.097251594066619873e-01,5.553632974624633789e-02,5.942292213439941406e-01,2.655300796031951904e-01,-1.106842681765556335e-01,8.969193696975708008e-01,1.794049859046936035e+00
7.261702558025717735e-04,-1.819802261888980865e-02,1.019043803215026855e+00,-7.965828478336334229e-02,8.397037535905838013e-02,6.948825716972351074e-01,7.097476720809936523e-01,9.524221532046794891e-03,-2.671927399933338165e-02,-5.045016761869192123e-03,-3.306130766868591309e-01,-3.475259989500045776e-02,6.082975268363952637e-01,2.158648967742919922e-01,1.891803890466690063e-01,9.274172782897949219e-01,1.855021834373474121e+00,-1.421435326337814331e-01,-4.137610495090484619e-01,5.240323767066001892e-02,6.161543130874633789e-01,2.564021944999694824e-01,-1.132784187793731689e-01,9.448896646499633789e-01,1.889959931373596191e+00
6.707337452098727226e-04,-1.811370998620986938e-02,1.025219321250915527e+00,-8.178464323282241821e-02,8.628042787313461304e-02,6.938688158988952637e-01,7.102203965187072754e-01,9.384443052113056183e-03,-2.649936452507972717e-02,-2.556795254349708557e-03,-3.380362093448638916e-01,-3.315209597349166870e-02,6.231765151023864746e-01,2.114505916833877563e-01,1.883321255445480347e-01,9.609755873680114746e-01,1.922119140625000000e+00,-1.390093117952346802e-01,-4.212756752967834473e-01,5.104607343673706055e-02,6.312364935874938965e-01,2.525293827056884766e-01,-1.149428710341453552e-01,9.797818064689636230e-01,1.959726214408874512e+00
6.541167967952787876e-04,-1.777166314423084259e-02,1.029602289199829102e+00,-8.380305022001266479e-02,8.848302811384201050e-02,6.928511261940002441e-01,7.107074260711669922e-01,9.695961140096187592e-03,-2.673185802996158600e-02,1.186637207865715027e-03,-3.450580537319183350e-01,-3.295380994677543640e-02,6.336900591850280762e-01,2.089191526174545288e-01,1.869990527629852295e-01,9.856725931167602539e-01,1.971501350402832031e+00,-1.366726905107498169e-01,-4.287958145141601562e-01,5.052708089351654053e-02,6.419880390167236328e-01,2.506672441959381104e-01,-1.156866550445556641e-01,1.005782246589660645e+00,2.011715650558471680e+00
5.351817235350608826e-04,-1.733674854040145874e-02,1.032821536064147949e+00,-8.542982488870620728e-02,9.033920615911483765e-02,6.918258070945739746e-01,7.112788558006286621e-01,1.059768628329038620e-02,-2.733444795012474060e-02,5.466148257255554199e-03,-3.507354557514190674e-01,-3.346161544322967529e-02,6.413458585739135742e-01,2.072021663188934326e-01,1.853506863117218018e-01,1.004240393638610840e+00,2.008629083633422852e+00,-1.348548084497451782e-01,-4.351516664028167725e-01,5.031485483050346375e-02,6.499005556106567383e-01,2.492079138755798340e-01,-1.157422661781311035e-01,1.025606751441955566e+00,2.051357507705688477e+00
4.292390367481857538e-04,-1.690492965281009674e-02,1.035185456275939941e+00,-8.670134097337722778e-02,9.190966933965682983e-02,6.908418536186218262e-01,7.118799686431884766e-01,1.198964193463325500e-02,-2.826233208179473877e-02,1.004915591329336166e-02,-3.554187417030334473e-01,-3.428998216986656189e-02,6.470571160316467285e-01,2.058684080839157104e-01,1.832009851932525635e-01,1.018446922302246094e+00,2.037036895751953125e+00,-1.335532069206237793e-01,-4.405408203601837158e-01,5.022671446204185486e-02,6.558782458305358887e-01,2.480107992887496948e-01,-1.154322922229766846e-01,1.041017651557922363e+00,2.082174301147460938e+00
4.266900359652936459e-04,-1.657849550247192383e-02,1.036956548690795898e+00,-8.796172589063644409e-02,9.318722784519195557e-02,6.899921894073486328e-01,7.123830914497375488e-01,1.334483828395605087e-02,-2.959294803440570831e-02,1.459760684520006180e-02,-3.597714602947235107e-01,-3.635604679584503174e-02,6.514260768890380859e-01,2.042702883481979370e-01,1.794051378965377808e-01,1.029536008834838867e+00,2.059211492538452148e+00,-1.325739622116088867e-01,-4.451511204242706299e-01,5.072674155235290527e-02,6.604837775230407715e-01,2.475034594535827637e-01,-1.147450283169746399e-01,1.053169369697570801e+00,2.106474161148071289e+00
3.303277189843356609e-04,-1.839630492031574249e-02,1.037222266197204590e+00,-8.913669735193252563e-02,9.505407512187957764e-02,6.889850497245788574e-01,7.129648923873901367e-01,1.490945275872945786e-02,-3.142026439309120178e-02,1.818517595529556274e-02,-3.688097596168518066e-01,-3.752255439758300781e-02,6.538688540458679199e-01,2.085506767034530640e-01,1.774740219116210938e-01,1.035829901695251465e+00,2.071799039840698242e+00,-1.327731609344482422e-01,-4.548630416393280029e-01,5.009737983345985413e-02,6.635923981666564941e-01,2.531839609146118164e-01,-1.140408068895339966e-01,1.061527252197265625e+00,2.123190402984619141e+00
2.035503566730767488e-04,-1.862236857414245605e-02,1.038037300109863281e+00,-9.070479124784469604e-02,9.707209467887878418e-02,6.884040832519531250e-01,7.130564451217651367e-01,1.668093353509902954e-02,-3.320267796516418457e-02,2.192129753530025482e-02,-3.761245310306549072e-01,-3.917801380157470703e-02,6.560383439064025879e-01,2.100949734449386597e-01,1.746381819248199463e-01,1.041468262672424316e+00,2.083074808120727539e+00,-1.325400471687316895e-01,-4.622636437416076660e-01,5.018762499094009399e-02,6.662439107894897461e-01,2.562236785888671875e-01,-1.131919249892234802e-01,1.068747282028198242e+00,2.137629270553588867e+00
5.457531733554787934e-05,-1.888280361890792847e-02,1.038742542266845703e+00,-9.203188866376876831e-02,9.875302761793136597e-02,6.880375146865844727e-01,7.130093574523925781e-01,1.831852458417415619e-02,-3.507445380091667175e-02,2.557839080691337585e-02,-3.822370171546936035e-01,-4.090758785605430603e-02,6.579922437667846680e-01,2.103775143623352051e-01,1.714989393949508667e-01,1.046593189239501953e+00,2.093323469161987305e+00,-1.325935423374176025e-01,-4.683096110820770264e-01,5.034728720784187317e-02,6.685067415237426758e-01,2.580399811267852783e-01,-1.126621887087821960e-01,1.074984431266784668e+00,2.150102138519287109e+00
-1.782594044925644994e-04,-1.920571736991405487e-02,1.039380669593811035e+00,-9.328070282936096191e-02,1.002656891942024231e-01,6.878494620323181152e-01,7.128173708915710449e-01,1.986398547887802124e-02,-3.704597800970077515e-02,2.901322953402996063e-02,-3.877873718738555908e-01,-4.277757182717323303e-02,6.597544550895690918e-01,2.101264297962188721e-01,1.684936732053756714e-01,1.051254272460937500e+00,2.102644681930541992e+00,-1.328703463077545166e-01,-4.736110866069793701e-01,5.046723037958145142e-02,6.704669594764709473e-01,2.594138085842132568e-01,-1.121077165007591248e-01,1.080444931983947754e+00,2.161022186279296875e+00
-4.826519289053976536e-04,-1.954581588506698608e-02,1.039958596229553223e+00,-9.443780779838562012e-02,1.017602384090423584e-01,6.876839399337768555e-01,7.126129269599914551e-01,2.143055759370326996e-02,-3.926569595932960510e-02,3.200457617640495300e-02,-3.929834067821502686e-01,-4.482192918658256531e-02,6.613428592681884766e-01,2.096896469593048096e-01,1.657228320837020874e-01,1.055487990379333496e+00,2.111111164093017578e+00,-1.337559819221496582e-01,-4.785423278808593750e-01,5.055783689022064209e-02,6.721986532211303711e-01,2.605215013027191162e-01,-1.115790605545043945e-01,1.085314631462097168e+00,2.170760869979858398e+00
-8.381109801121056080e-04,-1.984675601124763489e-02,1.040502429008483887e+00,-9.543446451425552368e-02,1.032434105873107910e-01,6.874203085899353027e-01,7.125211358070373535e-01,2.302456274628639221e-02,-4.145485535264015198e-02,3.449786454439163208e-02,-3.977306187152862549e-01,-4.692844301462173462e-02,6.627715229988098145e-01,2.091232389211654663e-01,1.630487293004989624e-01,1.059322834014892578e+00,2.118780374526977539e+00,-1.351828277111053467e-01,-4.831671416759490967e-01,5.067227780818939209e-02,6.737484335899353027e-01,2.613351047039031982e-01,-1.112631633877754211e-01,1.089710831642150879e+00,2.179552555084228516e+00
-1.153814024291932583e-03,-2.010429091751575470e-02,1.040980458259582520e+00,-9.638315439224243164e-02,1.046805903315544128e-01,6.871983408927917480e-01,7.123978734016418457e-01,2.454558201134204865e-02,-4.325678944587707520e-02,3.674848377704620361e-02,-4.023710489273071289e-01,-4.887420311570167542e-02,6.640529632568359375e-01,2.083805054426193237e-01,1.604707241058349609e-01,1.062785029411315918e+00,2.125704288482666016e+00,-1.365353465080261230e-01,-4.876323640346527100e-01,5.074631422758102417e-02,6.751402616500854492e-01,2.618800103664398193e-01,-1.108594760298728943e-01,1.093690633773803711e+00,2.187511682510375977e+00
-1.422037021256983280e-03,-2.035613358020782471e-02,1.041358470916748047e+00,-9.731843322515487671e-02,1.060261428356170654e-01,6.869928836822509766e-01,7.122699022293090820e-01,2.591370977461338043e-02,-4.445455968379974365e-02,3.879691660404205322e-02,-4.069896042346954346e-01,-5.056033283472061157e-02,6.651905179023742676e-01,2.077117264270782471e-01,1.581498384475708008e-01,1.065877079963684082e+00,2.131887674331665039e+00,-1.374107152223587036e-01,-4.919860959053039551e-01,5.079333111643791199e-02,6.763890385627746582e-01,2.623164653778076172e-01,-1.104830279946327209e-01,1.097287893295288086e+00,2.194705486297607422e+00
-1.753186574205756187e-03,-2.057429216802120209e-02,1.041628003120422363e+00,-9.827318042516708374e-02,1.072443574666976929e-01,6.867777109146118164e-01,7.121638655662536621e-01,2.713247016072273254e-02,-4.508629068732261658e-02,4.079135134816169739e-02,-4.115236103534698486e-01,-5.201597139239311218e-02,6.661887168884277344e-01,2.072718441486358643e-01,1.561868190765380859e-01,1.068605303764343262e+00,2.137343406677246094e+00,-1.378504335880279541e-01,-4.962448775768280029e-01,5.080663412809371948e-02,6.775059700012207031e-01,2.627539634704589844e-01,-1.102942824363708496e-01,1.100527286529541016e+00,2.201184034347534180e+00
-2.152077853679656982e-03,-2.072437293827533722e-02,1.041824221611022949e+00,-9.921707212924957275e-02,1.083701997995376587e-01,6.864870190620422363e-01,7.121428847312927246e-01,2.811517752707004547e-02,-4.526709020137786865e-02,4.260000959038734436e-02,-4.158703684806823730e-01,-5.320087447762489319e-02,6.670604944229125977e-01,2.069483101367950439e-01,1.542977243661880493e-01,1.070999264717102051e+00,2.142130851745605469e+00,-1.379857063293457031e-01,-5.004294514656066895e-01,5.073304846882820129e-02,6.784964799880981445e-01,2.631299793720245361e-01,-1.104210242629051208e-01,1.103417754173278809e+00,2.206964492797851562e+00
-2.526180353015661240e-03,-2.093333937227725983e-02,1.041967511177062988e+00,-1.000390425324440002e-01,1.093149930238723755e-01,6.862304806709289551e-01,7.121307253837585449e-01,2.888260036706924438e-02,-4.516811668872833252e-02,4.465638473629951477e-02,-4.199081957340240479e-01,-5.418438464403152466e-02,6.678109169006347656e-01,2.066005915403366089e-01,1.521960198879241943e-01,1.073068857192993164e+00,2.146269559860229492e+00,-1.381763517856597900e-01,-5.041160583496093750e-01,5.064622685313224792e-02,6.793785691261291504e-01,2.635370194911956787e-01,-1.106468960642814636e-01,1.106006026268005371e+00,2.212140321731567383e+00
-2.838319167494773865e-03,-2.107286639511585236e-02,1.042028427124023438e+00,-1.007349044084548950e-01,1.100714132189750671e-01,6.860013604164123535e-01,7.121368050575256348e-01,2.936113253235816956e-02,-4.469264298677444458e-02,4.711518809199333191e-02,-4.235452115535736084e-01,-5.503814667463302612e-02,6.684363484382629395e-01,2.062064409255981445e-01,1.498746573925018311e-01,1.074800252914428711e+00,2.149731874465942383e+00,-1.384474337100982666e-01,-5.071640014648437500e-01,5.062353983521461487e-02,6.801637411117553711e-01,2.641297876834869385e-01,-1.108756512403488159e-01,1.108321428298950195e+00,2.216770887374877930e+00
-3.097994718700647354e-03,-2.109615318477153778e-02,1.042027235031127930e+00,-1.012560874223709106e-01,1.106266230344772339e-01,6.857644319534301758e-01,7.122051119804382324e-01,2.947090379893779755e-02,-4.408519342541694641e-02,4.950447008013725281e-02,-4.265274405479431152e-01,-5.576086044311523438e-02,6.689408421516418457e-01,2.058072984218597412e-01,1.475184112787246704e-01,1.076202034950256348e+00,2.152534961700439453e+00,-1.386132985353469849e-01,-5.096336007118225098e-01,5.054194480180740356e-02,6.808426380157470703e-01,2.648438215255737305e-01,-1.109626144170761108e-01,1.110333204269409180e+00,2.220793962478637695e+00
-3.446557326242327690e-03,-2.099303901195526123e-02,1.041974186897277832e+00,-1.016515195369720459e-01,1.109581142663955688e-01,6.856333613395690918e-01,7.122234106063842773e-01,2.927997522056102753e-02,-4.349705204367637634e-02,5.178112536668777466e-02,-4.288157522678375244e-01,-5.636381730437278748e-02,6.693187355995178223e-01,2.054706066846847534e-01,1.453167647123336792e-01,1.077255487442016602e+00,2.154641389846801758e+00,-1.385913342237472534e-01,-5.114330649375915527e-01,5.026330053806304932e-02,6.814213991165161133e-01,2.657164931297302246e-01,-1.109083965420722961e-01,1.112055063247680664e+00,2.224237442016601562e+00
-3.897432470694184303e-03,-2.068158425390720367e-02,1.041933536529541016e+00,-1.019781008362770081e-01,1.111342683434486389e-01,6.855937838554382324e-01,7.121872901916503906e-01,2.895726449787616730e-02,-4.298504069447517395e-02,5.371433869004249573e-02,-4.304074048995971680e-01,-5.681227147579193115e-02,6.695862412452697754e-01,2.049684375524520874e-01,1.431228816509246826e-01,1.078003287315368652e+00,2.156136751174926758e+00,-1.383411437273025513e-01,-5.124770402908325195e-01,4.972132667899131775e-02,6.819114089012145996e-01,2.667394280433654785e-01,-1.106106862425804138e-01,1.113517999649047852e+00,2.227162837982177734e+00
-4.433185327798128128e-03,-2.017105184495449066e-02,1.041908502578735352e+00,-1.021298915147781372e-01,1.113061755895614624e-01,6.855153441429138184e-01,7.122142314910888672e-01,2.872876264154911041e-02,-4.248033091425895691e-02,5.526138469576835632e-02,-4.304132759571075439e-01,-5.661109462380409241e-02,6.697296500205993652e-01,2.037579715251922607e-01,1.413305550813674927e-01,1.078406572341918945e+00,2.156942844390869141e+00,-1.381043046712875366e-01,-5.131175518035888672e-01,4.875963926315307617e-02,6.823345422744750977e-01,2.675900161266326904e-01,-1.101791635155677795e-01,1.114784836769104004e+00,2.229696273803710938e+00
-5.029245279729366302e-03,-1.951080188155174255e-02,1.041852355003356934e+00,-1.021511629223823547e-01,1.110481172800064087e-01,6.855743527412414551e-01,7.121946811676025391e-01,2.843607589602470398e-02,-4.252343252301216125e-02,5.641518905758857727e-02,-4.303165376186370850e-01,-5.693090334534645081e-02,6.697801947593688965e-01,2.024786323308944702e-01,1.392083466053009033e-01,1.078550815582275391e+00,2.157230854034423828e+00,-1.377363055944442749e-01,-5.127335786819458008e-01,4.787530004978179932e-02,6.826727986335754395e-01,2.677668631076812744e-01,-1.098432019352912903e-01,1.115800738334655762e+00,2.231727838516235352e+00
-5.729574710130691528e-03,-1.884181797504425049e-02,1.041797637939453125e+00,-1.021051257848739624e-01,1.105964705348014832e-01,6.858426928520202637e-01,7.120131850242614746e-01,2.809357084333896637e-02,-4.299937188625335693e-02,5.750297755002975464e-02,-4.297666847705841064e-01,-5.724035575985908508e-02,6.697409152984619141e-01,2.009056508541107178e-01,1.373236626386642456e-01,1.078444600105285645e+00,2.157018423080444336e+00,-1.373489052057266235e-01,-5.119376778602600098e-01,4.680458828806877136e-02,6.829298138618469238e-01,2.672500312328338623e-01,-1.097176373004913330e-01,1.116575002670288086e+00,2.233275890350341797e+00
-6.443537306040525436e-03,-1.808267831802368164e-02,1.041713833808898926e+00,-1.019877269864082336e-01,1.100086346268653870e-01,6.861931085586547852e-01,7.117834091186523438e-01,2.788152359426021576e-02,-4.357066005468368530e-02,5.843976885080337524e-02,-4.286905229091644287e-01,-5.750925466418266296e-02,6.696116328239440918e-01,1.994568556547164917e-01,1.356384456157684326e-01,1.078088164329528809e+00,2.156305074691772461e+00,-1.370020657777786255e-01,-5.106809735298156738e-01,4.558756947517395020e-02,6.831061244010925293e-01,2.665512263774871826e-01,-1.096344217658042908e-01,1.117107868194580078e+00,2.234341382980346680e+00
-7.214352022856473923e-03,-1.736030168831348419e-02,1.041550993919372559e+00,-1.017032563686370850e-01,1.092952489852905273e-01,6.865316033363342285e-01,7.116075754165649414e-01,2.805205434560775757e-02,-4.407082125544548035e-02,5.934850871562957764e-02,-4.283564984798431396e-01,-5.739244446158409119e-02,6.694434285163879395e-01,1.989642828702926636e-01,1.339371502399444580e-01,1.077622652053833008e+00,2.155373811721801758e+00,-1.367142349481582642e-01,-5.089755058288574219e-01,4.419597238302230835e-02,6.831804513931274414e-01,2.659949064254760742e-01,-1.095715016126632690e-01,1.117334723472595215e+00,2.234794855117797852e+00
-8.053474128246307373e-03,-1.676704734563827515e-02,1.041466593742370605e+00,-1.016621962189674377e-01,1.087992042303085327e-01,6.868148446083068848e-01,7.114161252975463867e-01,2.868821844458580017e-02,-4.431973025202751160e-02,5.986334010958671570e-02,-4.274319112300872803e-01,-5.736375600099563599e-02,6.692287325859069824e-01,1.983122974634170532e-01,1.319594532251358032e-01,1.077027916908264160e+00,2.154184341430664062e+00,-1.364268362522125244e-01,-5.079160332679748535e-01,4.305600002408027649e-02,6.832047700881958008e-01,2.655303478240966797e-01,-1.096846088767051697e-01,1.117409825325012207e+00,2.234945058822631836e+00
-8.915312588214874268e-03,-1.631050370633602142e-02,1.041379809379577637e+00,-1.017773747444152832e-01,1.084363460540771484e-01,6.871542930603027344e-01,7.111272215843200684e-01,2.978156134486198425e-02,-4.449694603681564331e-02,6.013218313455581665e-02,-4.269693493843078613e-01,-5.725090578198432922e-02,6.689912080764770508e-01,1.975957006216049194e-01,1.295452862977981567e-01,1.076369762420654297e+00,2.152867794036865234e+00,-1.360664367675781250e-01,-5.072538256645202637e-01,4.196636378765106201e-02,6.831980943679809570e-01,2.651545107364654541e-01,-1.100328192114830017e-01,1.117390871047973633e+00,2.234906911849975586e+00
-9.749168530106544495e-03,-1.605027355253696442e-02,1.041283369064331055e+00,-1.020234674215316772e-01,1.082452908158302307e-01,6.875447034835815430e-01,7.107435464859008789e-01,3.101602755486965179e-02,-4.474651068449020386e-02,6.009341403841972351e-02,-4.271787703037261963e-01,-5.711828172206878662e-02,6.687521934509277344e-01,1.969336867332458496e-01,1.268111467361450195e-01,1.075707435607910156e+00,2.151543140411376953e+00,-1.356703490018844604e-01,-5.072814226150512695e-01,4.087272658944129944e-02,6.831703186035156250e-01,2.644958496093750000e-01,-1.107195243239402771e-01,1.117308139801025391e+00,2.234741210937500000e+00
-1.057779230177402496e-02,-1.597491279244422913e-02,1.041081428527832031e+00,-1.024948954582214355e-01,1.082607805728912354e-01,6.880185604095458984e-01,7.102146744728088379e-01,3.218209370970726013e-02,-4.510802030563354492e-02,5.988857150077819824e-02,-4.285553395748138428e-01,-5.701212584972381592e-02,6.685134768486022949e-01,1.963980495929718018e-01,1.240281388163566589e-01,1.075046777725219727e+00,2.150221586227416992e+00,-1.351254731416702271e-01,-5.082135200500488281e-01,3.980806842446327209e-02,6.831269860267639160e-01,2.638007104396820068e-01,-1.117771267890930176e-01,1.117178440093994141e+00,2.234481811523437500e+00
-1.145621202886104584e-02,-1.600742153823375702e-02,1.040749788284301758e+00,-1.033713370561599731e-01,1.086132302880287170e-01,6.885179877281188965e-01,7.095495462417602539e-01,3.326608240604400635e-02,-4.542003199458122253e-02,5.947266891598701477e-02,-4.316443502902984619e-01,-5.683310329914093018e-02,6.682780981063842773e-01,1.957908570766448975e-01,1.210321336984634399e-01,1.074396133422851562e+00,2.148920297622680664e+00,-1.343000382184982300e-01,-5.104838013648986816e-01,3.873692452907562256e-02,6.830767989158630371e-01,2.634370625019073486e-01,-1.129215434193611145e-01,1.117027878761291504e+00,2.234180450439453125e+00
-1.232525054365396500e-02,-1.616362296044826508e-02,1.040305495262145996e+00,-1.046862825751304626e-01,1.094706431031227112e-01,6.888555884361267090e-01,7.088969945907592773e-01,3.418096527457237244e-02,-4.542803019285202026e-02,5.869467556476593018e-02,-4.365624785423278809e-01,-5.660197511315345764e-02,6.680561900138854980e-01,1.953436881303787231e-01,1.178329512476921082e-01,1.073782801628112793e+00,2.147693634033203125e+00,-1.333670467138290405e-01,-5.144965648651123047e-01,3.774706274271011353e-02,6.830299496650695801e-01,2.636767029762268066e-01,-1.141898483037948608e-01,1.116886973381042480e+00,2.233898639678955078e+00
-1.313402131199836731e-02,-1.662489958107471466e-02,1.039830207824707031e+00,-1.064810305833816528e-01,1.108408719301223755e-01,6.891786456108093262e-01,7.081022858619689941e-01,3.486866503953933716e-02,-4.513240978121757507e-02,5.758360028266906738e-02,-4.434088468551635742e-01,-5.638485774397850037e-02,6.678633689880371094e-01,1.953883320093154907e-01,1.147258579730987549e-01,1.073249816894531250e+00,2.146627664566040039e+00,-1.321441084146499634e-01,-5.203286409378051758e-01,3.702409565448760986e-02,6.830080747604370117e-01,2.643977403640747070e-01,-1.159125789999961853e-01,1.116820216178894043e+00,2.233764886856079102e+00
-1.387663464993238449e-02,-1.754937134683132172e-02,1.039187550544738770e+00,-1.088725030422210693e-01,1.128061935305595398e-01,6.895053386688232422e-01,7.071095705032348633e-01,3.535720333456993103e-02,-4.455131292343139648e-02,5.583698302507400513e-02,-4.528532922267913818e-01,-5.597589910030364990e-02,6.677141189575195312e-01,1.963912248611450195e-01,1.116516664624214172e-01,1.072836995124816895e+00,2.145802021026611328e+00,-1.305199265480041504e-01,-5.286698341369628906e-01,3.652549907565116882e-02,6.830174922943115234e-01,2.657538652420043945e-01,-1.182972341775894165e-01,1.116847038269042969e+00,2.233818769454956055e+00
-1.459688134491443634e-02,-1.903295889496803284e-02,1.038233637809753418e+00,-1.123716533184051514e-01,1.157360672950744629e-01,6.898224353790283203e-01,7.057781219482421875e-01,3.565640375018119812e-02,-4.363972693681716919e-02,5.322096869349479675e-02,-4.666101336479187012e-01,-5.523641034960746765e-02,6.676129698753356934e-01,1.991679668426513672e-01,1.088177263736724854e-01,1.072556495666503906e+00,2.145241022109985352e+00,-1.280801743268966675e-01,-5.410200357437133789e-01,3.621271252632141113e-02,6.830815672874450684e-01,2.683041095733642578e-01,-1.211747080087661743e-01,1.117037177085876465e+00,2.234198808670043945e+00
-1.544659584760665894e-02,-2.131665311753749847e-02,1.036926150321960449e+00,-1.175706759095191956e-01,1.200659796595573425e-01,6.900479197502136230e-01,7.039852142333984375e-01,3.581532463431358337e-02,-4.208629950881004333e-02,4.987613856792449951e-02,-4.868191182613372803e-01,-5.402255430817604065e-02,6.675976514816284180e-01,2.034937590360641479e-01,1.061392128467559814e-01,1.072511076927185059e+00,2.145150184631347656e+00,-1.247037425637245178e-01,-5.591384768486022949e-01,3.614030778408050537e-02,6.832616329193115234e-01,2.721732556819915771e-01,-1.244437471032142639e-01,1.117573618888854980e+00,2.235271692276000977e+00
-1.670973002910614014e-02,-2.295990288257598877e-02,1.035502672195434570e+00,-1.253361254930496216e-01,1.260742098093032837e-01,6.902858018875122070e-01,7.013570070266723633e-01,3.490342572331428528e-02,-3.905876725912094116e-02,4.916097968816757202e-02,-5.123470425605773926e-01,-5.422691255807876587e-02,6.673204898834228516e-01,2.003480941057205200e-01,1.010146215558052063e-01,1.071737647056579590e+00,2.143601655960083008e+00,-1.228618398308753967e-01,-5.810062885284423828e-01,3.857482224702835083e-02,6.827313303947448730e-01,2.704283595085144043e-01,-1.296000778675079346e-01,1.115963935852050781e+00,2.232049703598022461e+00
-1.848211884498596191e-02,-2.780951000750064850e-02,1.032510280609130859e+00,-1.338356882333755493e-01,1.329841017723083496e-01,6.902071237564086914e-01,6.985824108123779297e-01,3.289000689983367920e-02,-3.466992452740669250e-02,4.599155485630035400e-02,-5.474215745925903320e-01,-5.328406766057014465e-02,6.671629548072814941e-01,2.062158286571502686e-01,9.622475504875183105e-02,1.071300864219665527e+00,2.142728567123413086e+00,-1.193699538707733154e-01,-6.125865578651428223e-01,3.960807621479034424e-02,6.827213168144226074e-01,2.775533795356750488e-01,-1.354476064443588257e-01,1.115921497344970703e+00,2.231966257095336914e+00
-2.071136981248855591e-02,-3.378228098154067993e-02,1.027802705764770508e+00,-1.448686867952346802e-01,1.422131359577178955e-01,6.897466182708740234e-01,6.950094103813171387e-01,3.072156570851802826e-02,-2.880704216659069061e-02,4.213389381766319275e-02,-5.942290425300598145e-01,-5.235256254673004150e-02,6.669861674308776855e-01,2.175323665142059326e-01,9.152578562498092651e-02,1.070814490318298340e+00,2.141755819320678711e+00,-1.153657063841819763e-01,-6.556872725486755371e-01,4.011359065771102905e-02,6.831424832344055176e-01,2.901149988174438477e-01,-1.407654285430908203e-01,1.117174983024597168e+00,2.234473943710327148e+00
-2.308680489659309387e-02,-4.051823168992996216e-02,1.020737886428833008e+00,-1.578658223152160645e-01,1.533052176237106323e-01,6.889700293540954590e-01,6.905767321586608887e-01,2.898664399981498718e-02,-2.224233746528625488e-02,3.829973936080932617e-02,-6.509774327278137207e-01,-5.180445685982704163e-02,6.666306257247924805e-01,2.336410582065582275e-01,8.653458207845687866e-02,1.069843053817749023e+00,2.139812469482421875e+00,-1.122801527380943298e-01,-7.086613178253173828e-01,4.024058580398559570e-02,6.837046146392822266e-01,3.078687489032745361e-01,-1.442424058914184570e-01,1.118863701820373535e+00,2.237851619720458984e+00
-2.541277557611465454e-02,-4.793096333742141724e-02,1.011772036552429199e+00,-1.663317829370498657e-01,1.574273109436035156e-01,6.904854774475097656e-01,6.861342191696166992e-01,2.353005111217498779e-02,-1.438934821635484695e-02,3.293045982718467712e-02,-6.914440393447875977e-01,-4.724464192986488342e-02,6.654983758926391602e-01,2.517607510089874268e-01,8.004394173622131348e-02,1.066771030426025391e+00,2.133665561676025391e+00,-1.122673898935317993e-01,-7.417647838592529297e-01,4.162785038352012634e-02,6.836316585540771484e-01,3.220859467983245850e-01,-1.468547135591506958e-01,1.118663430213928223e+00,2.237448930740356445e+00
-2.741927839815616608e-02,-5.558016151189804077e-02,1.000439643859863281e+00,-1.670818477869033813e-01,1.505564898252487183e-01,6.958407759666442871e-01,6.820718646049499512e-01,1.192299369722604752e-02,-4.188745748251676559e-03,2.811911888420581818e-02,-7.031902670860290527e-01,-3.958553448319435120e-02,6.613563895225524902e-01,2.713787853717803955e-01,6.879575550556182861e-02,1.055631637573242188e+00,2.111381769180297852e+00,-1.203796938061714172e-01,-7.417650222778320312e-01,4.922825470566749573e-02,6.806082725524902344e-01,3.357273936271667480e-01,-1.515687555074691772e-01,1.109675407409667969e+00,2.219468355178833008e+00
-2.820273302495479584e-02,-6.303418427705764771e-02,9.829536676406860352e-01,-1.665323525667190552e-01,1.423446238040924072e-01,7.019150853157043457e-01,6.777316331863403320e-01,-2.289672149345278740e-03,5.117171443998813629e-03,1.961169764399528503e-02,-7.132092118263244629e-01,-2.996224910020828247e-02,6.505298614501953125e-01,2.977105975151062012e-01,5.555189400911331177e-02,1.027429223060607910e+00,2.054972648620605469e+00,-1.374100148677825928e-01,-7.417650222778320312e-01,6.384865939617156982e-02,6.707659959793090820e-01,3.662258386611938477e-01,-1.502631455659866333e-01,1.081387996673583984e+00,2.162889719009399414e+00
-2.786235511302947998e-02,-6.924034655094146729e-02,9.578945040702819824e-01,-1.653847098350524902e-01,1.325357258319854736e-01,7.088068127632141113e-01,6.728113293647766113e-01,-1.708849519491195679e-02,1.357159949839115143e-02,4.234275314956903458e-03,-7.227032780647277832e-01,-1.399196870625019073e-02,6.304785609245300293e-01,3.345868289470672607e-01,4.593349620699882507e-02,9.783654212951660156e-01,1.956843256950378418e+00,-1.568910032510757446e-01,-7.417650222778320312e-01,8.111251890659332275e-02,6.511363983154296875e-01,4.017233252525329590e-01,-1.430739462375640869e-01,1.028989672660827637e+00,2.058090448379516602e+00
-2.650120481848716736e-02,-7.363331317901611328e-02,9.261909723281860352e-01,-1.636999100446701050e-01,1.214809268712997437e-01,7.168399691581726074e-01,6.667721867561340332e-01,-3.331873565912246704e-02,2.183214761316776276e-02,-2.011736854910850525e-02,-7.308807373046875000e-01,8.802474476397037506e-03,6.032446622848510742e-01,3.811340630054473877e-01,4.104259982705116272e-02,9.169393181800842285e-01,1.833990335464477539e+00,-1.810806840658187866e-01,-7.417650222778320312e-01,9.977276623249053955e-02,6.232553720474243164e-01,4.340654611587524414e-01,-1.301314979791641235e-01,9.615554809570312500e-01,1.923221230506896973e+00
-2.439498715102672577e-02,-7.534492015838623047e-02,8.924696445465087891e-01,-1.626948863267898560e-01,1.106256023049354553e-01,7.255946397781372070e-01,6.593972444534301758e-01,-5.108653381466865540e-02,3.209605813026428223e-02,-4.821765795350074768e-02,-7.386207580566406250e-01,3.497205302119255066e-02,5.738680362701416016e-01,4.305067062377929688e-01,3.938793763518333435e-02,8.557792901992797852e-01,1.711670398712158203e+00,-2.095784097909927368e-01,-7.417650222778320312e-01,1.218551993370056152e-01,5.922157764434814453e-01,4.677313566207885742e-01,-1.188345625996589661e-01,8.934374451637268066e-01,1.786985397338867188e+00
-2.131544426083564758e-02,-7.363836467266082764e-02,8.602600097656250000e-01,-1.616880297660827637e-01,1.012919023633003235e-01,7.335596084594726562e-01,6.522938609123229980e-01,-6.765205413103103638e-02,4.303025081753730774e-02,-7.721816003322601318e-02,-7.417650222778320312e-01,6.218480318784713745e-02,5.451992750167846680e-01,4.754033982753753662e-01,4.162106290459632874e-02,7.999932765960693359e-01,1.600099802017211914e+00,-2.438835501670837402e-01,-7.417650222778320312e-01,1.469005346298217773e-01,5.609302520751953125e-01,5.034968852996826172e-01,-1.016003340482711792e-01,8.301836848258972168e-01,1.660479307174682617e+00
-1.682155579328536987e-02,-7.020773738622665405e-02,8.329938054084777832e-01,-1.610178053379058838e-01,9.385778754949569702e-02,7.403875589370727539e-01,6.458252072334289551e-01,-7.971958070993423462e-02,5.398169904947280884e-02,-1.049500852823257446e-01,-7.417650222778320312e-01,9.054112434387207031e-02,5.207148194313049316e-01,5.114465951919555664e-01,4.848971590399742126e-02,7.547772526741027832e-01,1.509670495986938477e+00,-2.801330387592315674e-01,-7.417650222778320312e-01,1.752361506223678589e-01,5.331757068634033203e-01,5.373641848564147949e-01,-8.088711649179458618e-02,7.775369286537170410e-01,1.555188655853271484e+00
-1.186348590999841690e-02,-6.713084876537322998e-02,8.148372173309326172e-01,-1.614796519279479980e-01,8.902985602617263794e-02,7.458433508872985840e-01,6.400904059410095215e-01,-8.660077303647994995e-02,6.402670592069625854e-02,-1.315952241420745850e-01,-7.417650222778320312e-01,1.191580742597579956e-01,5.049492120742797852e-01,5.362131595611572266e-01,5.757922306656837463e-02,7.266594767570495605e-01,1.453436970710754395e+00,-3.098735213279724121e-01,-7.417650222778320312e-01,2.019283324480056763e-01,5.148063898086547852e-01,5.581777691841125488e-01,-6.254557520151138306e-02,7.441542148590087891e-01,1.488425254821777344e+00
-7.988106459379196167e-03,-6.336605548858642578e-02,8.113294243812561035e-01,-1.643185615539550781e-01,8.897072821855545044e-02,7.490644454956054688e-01,6.355990171432495117e-01,-8.983768522739410400e-02,7.321662455797195435e-02,-1.553620547056198120e-01,-7.417650222778320312e-01,1.435739099979400635e-01,5.011027455329895020e-01,5.381512641906738281e-01,6.768781691789627075e-02,7.198950648307800293e-01,1.439913868904113770e+00,-3.337107300758361816e-01,-7.417650222778320312e-01,2.239677906036376953e-01,5.089496970176696777e-01,5.626988410949707031e-01,-4.785541072487831116e-02,7.337160706520080566e-01,1.467554330825805664e+00
-5.336568690836429596e-03,-5.810251459479331970e-02,8.278424143791198730e-01,-1.711970120668411255e-01,9.508110582828521729e-02,7.501496672630310059e-01,6.316063404083251953e-01,-8.704729378223419189e-02,7.876892387866973877e-02,-1.737522333860397339e-01,-7.417650222778320312e-01,1.610338240861892700e-01,5.109437704086303711e-01,5.095605254173278809e-01,7.748904824256896973e-02,7.372030019760131836e-01,1.474547743797302246e+00,-3.468390107154846191e-01,-7.417650222778320312e-01,2.370426803827285767e-01,5.175451636314392090e-01,5.475813150405883789e-01,-4.342457279562950134e-02,7.490112185478210449e-01,1.498160004615783691e+00
-3.003880148753523827e-03,-5.087886750698089600e-02,8.621050119400024414e-01,-1.824762970209121704e-01,1.061181277036666870e-01,7.498916387557983398e-01,6.269799470901489258e-01,-8.272144198417663574e-02,8.704967796802520752e-02,-1.825379580259323120e-01,-7.417650222778320312e-01,1.696410030126571655e-01,5.296816229820251465e-01,4.709323644638061523e-01,8.923877775669097900e-02,7.708784341812133789e-01,1.541935801506042480e+00,-3.500379621982574463e-01,-7.396889925003051758e-01,2.463740408420562744e-01,5.356184840202331543e-01,5.213120579719543457e-01,-4.411228001117706299e-02,7.818576693534851074e-01,1.563886404037475586e+00
-1.788057270459830761e-03,-4.056803882122039795e-02,9.122356176376342773e-01,-1.924062520265579224e-01,1.154153198003768921e-01,7.501910924911499023e-01,6.219906806945800781e-01,-8.129525184631347656e-02,9.929221868515014648e-02,-1.761450618505477905e-01,-7.205038070678710938e-01,1.598360091447830200e-01,5.575490593910217285e-01,4.185837805271148682e-01,1.090067923069000244e-01,8.231140375137329102e-01,1.646433711051940918e+00,-3.429211080074310303e-01,-7.126152515411376953e-01,2.489660829305648804e-01,5.628943443298339844e-01,4.764399826526641846e-01,-4.321961477398872375e-02,8.335621356964111328e-01,1.667322754859924316e+00
-2.090067602694034576e-03,-2.895629778504371643e-02,9.718074798583984375e-01,-1.992560774087905884e-01,1.224688440561294556e-01,7.514578700065612793e-01,6.169355511665344238e-01,-7.914739847183227539e-02,1.072503328323364258e-01,-1.478483825922012329e-01,-7.008929848670959473e-01,1.361071169376373291e-01,5.765392184257507324e-01,4.015173017978668213e-01,1.488064229488372803e-01,8.603209257125854492e-01,1.720878481864929199e+00,-3.368151783943176270e-01,-6.845147013664245605e-01,2.448681741952896118e-01,5.819936394691467285e-01,4.633319675922393799e-01,-5.989568307995796204e-02,8.714585304260253906e-01,1.743144035339355469e+00
-1.795013900846242905e-03,-7.732938043773174286e-03,1.054297566413879395e+00,-1.924245506525039673e-01,1.159018948674201965e-01,7.587110400199890137e-01,6.114712357521057129e-01,-7.805205881595611572e-02,1.139957457780838013e-01,-9.375002980232238770e-02,-6.136550903320312500e-01,9.593743830919265747e-02,5.940521955490112305e-01,4.455563724040985107e-01,2.323230057954788208e-01,8.963872194290161133e-01,1.793007373809814453e+00,-3.381187319755554199e-01,-5.879717469215393066e-01,2.444071769714355469e-01,5.988730192184448242e-01,4.986714422702789307e-01,-1.105792298913002014e-01,9.066829681396484375e-01,1.813589334487915039e+00
-2.991851652041077614e-04,-1.539974822662770748e-03,1.127904653549194336e+00,-1.781839132308959961e-01,1.073391065001487732e-01,7.626411914825439453e-01,6.124599575996398926e-01,-7.282067835330963135e-02,1.111579984426498413e-01,-7.463061809539794922e-02,-5.703212618827819824e-01,9.107908606529235840e-02,6.089959144592285156e-01,4.667033851146697998e-01,2.891282141208648682e-01,9.287322759628295898e-01,1.857674241065979004e+00,-3.268283903598785400e-01,-5.420660376548767090e-01,2.284599542617797852e-01,6.115243434906005859e-01,5.443037152290344238e-01,-1.633738875389099121e-01,9.344285726547241211e-01,1.869055509567260742e+00
1.787373796105384827e-03,-1.842985674738883972e-02,1.190194368362426758e+00,-1.840534061193466187e-01,1.189906075596809387e-01,7.552345991134643555e-01,6.177267432212829590e-01,-7.418158650398254395e-02,9.596778452396392822e-02,-8.718983829021453857e-02,-5.795673131942749023e-01,1.082859784364700317e-01,6.216625571250915527e-01,5.050753355026245117e-01,2.852666676044464111e-01,9.572933316230773926e-01,1.914777636528015137e+00,-3.152988553047180176e-01,-5.561527013778686523e-01,2.036289274692535400e-01,6.194168329238891602e-01,6.086603999137878418e-01,-1.878875494003295898e-01,9.523486495018005371e-01,1.904874086380004883e+00
1.982958288863301277e-03,-4.213802143931388855e-02,1.252062439918518066e+00,-2.038400173187255859e-01,1.394132673740386963e-01,7.414736151695251465e-01,6.238830089569091797e-01,-8.023800700902938843e-02,7.349915802478790283e-02,-1.172795742750167847e-01,-6.147348880767822266e-01,1.260718107223510742e-01,6.277387738227844238e-01,6.167892813682556152e-01,2.474288344383239746e-01,9.717403650283813477e-01,1.943629264831542969e+00,-3.044342994689941406e-01,-6.028484106063842773e-01,1.798168569803237915e-01,6.162162423133850098e-01,6.631918549537658691e-01,-1.718459427356719971e-01,9.455133080482482910e-01,1.891154050827026367e+00
-6.468861247412860394e-04,-5.378960818052291870e-02,1.295470714569091797e+00,-2.223134487867355347e-01,1.596622318029403687e-01,7.273494005203247070e-01,6.293231248855590820e-01,-8.176928758621215820e-02,5.228511989116668701e-02,-1.586333960294723511e-01,-6.529021859169006348e-01,1.440021395683288574e-01,6.256214976310729980e-01,6.632192134857177734e-01,2.055103480815887451e-01,9.670971632003784180e-01,1.934296131134033203e+00,-2.885174155235290527e-01,-6.596459150314331055e-01,1.617402434349060059e-01,6.001102328300476074e-01,6.632249951362609863e-01,-1.283955574035644531e-01,9.102978110313415527e-01,1.820662736892700195e+00
-1.348111429251730442e-03,-5.667122453451156616e-02,1.307390928268432617e+00,-2.245895564556121826e-01,1.675998121500015259e-01,7.247127294540405273e-01,6.294928789138793945e-01,-6.790472567081451416e-02,4.550723358988761902e-02,-1.804827898740768433e-01,-6.661332845687866211e-01,1.459284126758575439e-01,6.186766624450683594e-01,6.632249951362609863e-01,2.022653371095657349e-01,9.512171149253845215e-01,1.902520537376403809e+00,-2.664231061935424805e-01,-6.805197000503540039e-01,1.736043393611907959e-01,5.862388014793395996e-01,6.632249951362609863e-01,-1.136525794863700867e-01,8.810941576957702637e-01,1.762249112129211426e+00
-1.610854757018387318e-03,-5.922472104430198669e-02,1.309814095497131348e+00,-2.242075502872467041e-01,1.736082881689071655e-01,7.238336801528930664e-01,6.290118694305419922e-01,-5.394199118018150330e-02,4.571690410375595093e-02,-1.990208923816680908e-01,-6.725109815597534180e-01,1.475198715925216675e-01,6.077075004577636719e-01,6.632249951362609863e-01,2.111526578664779663e-01,9.267917871475219727e-01,1.853653192520141602e+00,-2.449893504381179810e-01,-6.872568726539611816e-01,1.862300783395767212e-01,5.735551714897155762e-01,6.632249951362609863e-01,-1.138598918914794922e-01,8.552721738815307617e-01,1.710598826408386230e+00
2.667093067429959774e-04,-5.813233181834220886e-02,1.274689435958862305e+00,-2.120871692895889282e-01,1.655644476413726807e-01,7.312022447586059570e-01,6.268578171730041504e-01,-4.217575117945671082e-02,4.641307890415191650e-02,-1.988524645566940308e-01,-6.636832952499389648e-01,1.302567273378372192e-01,5.976264476776123047e-01,6.632249951362609863e-01,2.438647150993347168e-01,9.049689173698425293e-01,1.810025453567504883e+00,-2.440223991870880127e-01,-6.700188517570495605e-01,1.886649727821350098e-01,5.779607295989990234e-01,6.632249951362609863e-01,-1.305357813835144043e-01,8.640376925468444824e-01,1.728194713592529297e+00
-2.573285019025206566e-04,-5.178927257657051086e-02,1.225876450538635254e+00,-1.954721510410308838e-01,1.542209535837173462e-01,7.386650443077087402e-01,6.264028549194335938e-01,-3.818888589739799500e-02,4.460086673498153687e-02,-1.926855891942977905e-01,-6.536167860031127930e-01,9.965102374553680420e-02,5.936136245727539062e-01,6.632249951362609863e-01,2.881462275981903076e-01,8.963656425476074219e-01,1.792854309082031250e+00,-2.602341771125793457e-01,-6.487223505973815918e-01,1.772980391979217529e-01,5.954487919807434082e-01,6.632249951362609863e-01,-1.501676291227340698e-01,8.998908996582031250e-01,1.799955964088439941e+00
-2.540397457778453827e-03,-4.100852459669113159e-02,1.171216487884521484e+00,-1.788069456815719604e-01,1.428730040788650513e-01,7.444283366203308105e-01,6.272494196891784668e-01,-3.802373260259628296e-02,4.217384755611419678e-02,-1.796188950538635254e-01,-6.458237767219543457e-01,7.191743701696395874e-02,5.974715948104858398e-01,6.260564923286437988e-01,3.321357071399688721e-01,9.043468832969665527e-01,1.808851003646850586e+00,-2.851796150207519531e-01,-6.282906532287597656e-01,1.534232199192047119e-01,6.152730584144592285e-01,6.436269879341125488e-01,-1.602437198162078857e-01,9.427633881568908691e-01,1.885720014572143555e+00
-5.749023985117673874e-03,-2.571473829448223114e-02,1.113568782806396484e+00,-1.655016839504241943e-01,1.363952904939651489e-01,7.470453381538391113e-01,6.292287111282348633e-01,-3.277332708239555359e-02,3.665900230407714844e-02,-1.668320745229721069e-01,-6.360151767730712891e-01,5.334253236651420593e-02,6.077052354812622070e-01,5.594948530197143555e-01,3.659475445747375488e-01,9.262518882751464844e-01,1.852679848670959473e+00,-3.092380464076995850e-01,-5.972303748130798340e-01,1.321046054363250732e-01,6.298140883445739746e-01,5.971034169197082520e-01,-1.660810112953186035e-01,9.762042164802551270e-01,1.952590942382812500e+00
-4.664595238864421844e-03,-2.315329015254974365e-02,1.050516843795776367e+00,-1.578856855630874634e-01,1.311357170343399048e-01,7.513017654418945312e-01,6.272329092025756836e-01,-2.439367957413196564e-02,3.121865168213844299e-02,-1.597855985164642334e-01,-6.331458091735839844e-01,4.861256852746009827e-02,6.202096343040466309e-01,4.688905775547027588e-01,3.636026680469512939e-01,9.540940523147583008e-01,1.908366560935974121e+00,-3.132526278495788574e-01,-5.893368124961853027e-01,1.215712577104568481e-01,6.395443081855773926e-01,5.143064260482788086e-01,-1.540328860282897949e-01,9.996387958526611328e-01,1.999446272850036621e+00
-1.825184328481554985e-03,-2.988477423787117004e-02,9.872434139251708984e-01,-1.589998006820678711e-01,1.315452605485916138e-01,7.550091147422790527e-01,6.223955154418945312e-01,-1.622686907649040222e-02,3.218563273549079895e-02,-1.669872701168060303e-01,-6.530581712722778320e-01,7.228809595108032227e-02,6.249890327453613281e-01,3.763810396194458008e-01,2.723620533943176270e-01,9.654006958007812500e-01,1.930943608283996582e+00,-2.974944412708282471e-01,-6.433701515197753906e-01,1.107067167758941650e-01,6.434381604194641113e-01,4.080360233783721924e-01,-1.148253679275512695e-01,1.009516000747680664e+00,2.019169092178344727e+00
-5.508511792868375778e-03,-4.224860295653343201e-02,9.385608434677124023e-01,-1.716444790363311768e-01,1.371183544397354126e-01,7.548493742942810059e-01,6.180122494697570801e-01,-1.296548172831535339e-02,2.136560529470443726e-02,-1.731189638376235962e-01,-7.137588262557983398e-01,9.194626659154891968e-02,6.224130392074584961e-01,3.572967350482940674e-01,1.878498196601867676e-01,9.596393108367919922e-01,1.919383645057678223e+00,-3.008725047111511230e-01,-7.417268753051757812e-01,1.066475585103034973e-01,6.361609101295471191e-01,3.964194953441619873e-01,-9.465464204549789429e-02,9.919353723526000977e-01,1.983963370323181152e+00
-6.164015736430883408e-03,-5.187882855534553528e-02,9.089040756225585938e-01,-1.740730851888656616e-01,1.282269358634948730e-01,7.599664926528930664e-01,6.129497289657592773e-01,-2.377235516905784607e-02,9.594414383172988892e-03,-1.766021400690078735e-01,-7.248400449752807617e-01,1.006382629275321960e-01,6.085253357887268066e-01,3.986028730869293213e-01,1.343860626220703125e-01,9.284859895706176758e-01,1.857057690620422363e+00,-3.225705921649932861e-01,-7.417650222778320312e-01,1.262807250022888184e-01,6.179681420326232910e-01,4.056667089462280273e-01,-8.884034305810928345e-02,9.495198726654052734e-01,1.899116277694702148e+00
-8.597377687692642212e-03,-4.919322207570075989e-02,8.981127142906188965e-01,-1.783192306756973267e-01,1.259308010339736938e-01,7.610154151916503906e-01,6.109003424644470215e-01,-4.238469898700714111e-02,1.164753362536430359e-02,-1.812622249126434326e-01,-7.396949529647827148e-01,1.131777390837669373e-01,5.991495847702026367e-01,4.257131218910217285e-01,1.181707978248596191e-01,9.081598520278930664e-01,1.816399812698364258e+00,-3.335531353950500488e-01,-7.417650222778320312e-01,1.401944458484649658e-01,6.085888743400573730e-01,4.365497231483459473e-01,-1.003546267747879028e-01,9.286150336265563965e-01,1.857303619384765625e+00
-1.155417133122682571e-02,-4.518824070692062378e-02,9.003618359565734863e-01,-1.820397078990936279e-01,1.250332295894622803e-01,7.600300908088684082e-01,6.112139821052551270e-01,-5.909200757741928101e-02,2.168772742152214050e-02,-1.841351538896560669e-01,-7.407416701316833496e-01,1.197759956121444702e-01,5.918430089950561523e-01,4.337953031063079834e-01,1.139851361513137817e-01,8.926816582679748535e-01,1.785456657409667969e+00,-3.422816693782806396e-01,-7.417650222778320312e-01,1.520185470581054688e-01,6.024339795112609863e-01,4.514919519424438477e-01,-1.107877045869827271e-01,9.152186512947082520e-01,1.830525040626525879e+00
-1.268988661468029022e-02,-4.103359952569007874e-02,9.165639281272888184e-01,-1.861249208450317383e-01,1.279423236846923828e-01,7.573400735855102539e-01,6.127187609672546387e-01,-7.139954715967178345e-02,3.774300590157508850e-02,-1.833087354898452759e-01,-7.364289760589599609e-01,1.204703822731971741e-01,5.902621150016784668e-01,4.254616498947143555e-01,1.162611767649650574e-01,8.893193006515502930e-01,1.778760910034179688e+00,-3.426893651485443115e-01,-7.417650222778320312e-01,1.599351614713668823e-01,6.017601490020751953e-01,4.488503336906433105e-01,-1.161437854170799255e-01,9.137333035469055176e-01,1.827580332756042480e+00
-1.366111915558576584e-02,-3.872176632285118103e-02,9.414432644844055176e-01,-1.869373321533203125e-01,1.294653564691543579e-01,7.543451786041259766e-01,6.158380508422851562e-01,-7.959038764238357544e-02,5.585665628314018250e-02,-1.728671938180923462e-01,-7.181572318077087402e-01,1.119321212172508240e-01,5.944381356239318848e-01,4.040452539920806885e-01,1.259491592645645142e-01,8.979567885398864746e-01,1.796062946319580078e+00,-3.380588591098785400e-01,-7.264844775199890137e-01,1.627254933118820190e-01,6.063157916069030762e-01,4.317655563354492188e-01,-1.195700243115425110e-01,9.235016107559204102e-01,1.847143650054931641e+00
-1.387449633330106735e-02,-3.854859620332717896e-02,9.667048454284667969e-01,-1.842760890722274780e-01,1.301718056201934814e-01,7.505997419357299805e-01,6.210455894470214844e-01,-8.077551424503326416e-02,7.020083069801330566e-02,-1.584648489952087402e-01,-6.909093260765075684e-01,9.742140769958496094e-02,6.023335456848144531e-01,3.702696263790130615e-01,1.375059783458709717e-01,9.146625399589538574e-01,1.829490900039672852e+00,-3.285661637783050537e-01,-7.044681906700134277e-01,1.601737290620803833e-01,6.140745878219604492e-01,4.071772098541259766e-01,-1.207736656069755554e-01,9.404971003532409668e-01,1.881151199340820312e+00
-1.238297671079635620e-02,-3.896636888384819031e-02,9.875282645225524902e-01,-1.782800406217575073e-01,1.283177435398101807e-01,7.473974227905273438e-01,6.270150542259216309e-01,-7.897239178419113159e-02,8.077718317508697510e-02,-1.424550265073776245e-01,-6.554985642433166504e-01,8.270255476236343384e-02,6.115534901618957520e-01,3.325659930706024170e-01,1.456367522478103638e-01,9.347393512725830078e-01,1.869650244712829590e+00,-3.189460933208465576e-01,-6.729226112365722656e-01,1.560796201229095459e-01,6.230831742286682129e-01,3.746033608913421631e-01,-1.216914281249046326e-01,9.608210921287536621e-01,1.921805143356323242e+00
-1.034693419933319092e-02,-3.937537595629692078e-02,1.001586318016052246e+00,-1.714792102575302124e-01,1.251794695854187012e-01,7.451795339584350586e-01,6.321648955345153809e-01,-7.451343536376953125e-02,8.645521849393844604e-02,-1.252752095460891724e-01,-6.225052475929260254e-01,6.914440542459487915e-02,6.203898787498474121e-01,2.984359264373779297e-01,1.527350991964340210e-01,9.545887112617492676e-01,1.909346818923950195e+00,-3.130974471569061279e-01,-6.423240303993225098e-01,1.526806056499481201e-01,6.319004297256469727e-01,3.408716917037963867e-01,-1.248209625482559204e-01,9.813776612281799316e-01,1.962916970252990723e+00
-9.273188188672065735e-03,-4.130120202898979187e-02,1.009096622467041016e+00,-1.664338856935501099e-01,1.228483766317367554e-01,7.432761788368225098e-01,6.361985206604003906e-01,-6.731018424034118652e-02,8.760675787925720215e-02,-1.082057729363441467e-01,-6.032778024673461914e-01,5.782434344291687012e-02,6.280335187911987305e-01,2.732053697109222412e-01,1.554048359394073486e-01,9.722646474838256836e-01,1.944693088531494141e+00,-3.117994070053100586e-01,-6.251870989799499512e-01,1.513821631669998169e-01,6.398572325706481934e-01,3.122965097427368164e-01,-1.272929012775421143e-01,1.000530004501342773e+00,2.001216888427734375e+00
-8.611673489212989807e-03,-4.244901984930038452e-02,1.014948368072509766e+00,-1.626192480325698853e-01,1.214977577328681946e-01,7.415007948875427246e-01,6.395074725151062012e-01,-5.720082297921180725e-02,8.427531272172927856e-02,-8.095018565654754639e-02,-5.902236700057983398e-01,4.101740196347236633e-02,6.375845670700073242e-01,2.433113008737564087e-01,1.487459838390350342e-01,9.950330853462219238e-01,1.990219235420227051e+00,-3.223650753498077393e-01,-6.123930811882019043e-01,1.570624262094497681e-01,6.492403149604797363e-01,2.771496176719665527e-01,-1.199338436126708984e-01,1.023892045021057129e+00,2.047931671142578125e+00
-7.557798177003860474e-03,-4.575309157371520996e-02,1.017628550529479980e+00,-1.611697673797607422e-01,1.215604618191719055e-01,7.395929694175720215e-01,6.420666575431823730e-01,-4.836760833859443665e-02,7.714850455522537231e-02,-6.126170977950096130e-02,-5.920450091361999512e-01,3.139609470963478088e-02,6.444431543350219727e-01,2.327682226896286011e-01,1.381654143333435059e-01,1.011894822120666504e+00,2.023935794830322266e+00,-3.268802464008331299e-01,-6.145126819610595703e-01,1.610781550407409668e-01,6.562559604644775391e-01,2.614489495754241943e-01,-1.108895465731620789e-01,1.041976571083068848e+00,2.084094524383544922e+00
-6.428969558328390121e-03,-4.835103824734687805e-02,1.019978404045104980e+00,-1.603377908468246460e-01,1.221114024519920349e-01,7.373378276824951172e-01,6.447585225105285645e-01,-4.314632713794708252e-02,6.833586096763610840e-02,-4.747333750128746033e-02,-5.950397849082946777e-01,2.512038126587867737e-02,6.495461463928222656e-01,2.281534373760223389e-01,1.297215074300765991e-01,1.024732232093811035e+00,2.049606323242187500e+00,-3.253602087497711182e-01,-6.171460747718811035e-01,1.625069975852966309e-01,6.615280508995056152e-01,2.576263546943664551e-01,-1.052866131067276001e-01,1.055938005447387695e+00,2.112013101577758789e+00
-6.260562688112258911e-03,-5.008667334914207458e-02,1.022693514823913574e+00,-1.583497077226638794e-01,1.214927062392234802e-01,7.350043654441833496e-01,6.480227708816528320e-01,-3.939374908804893494e-02,6.045448035001754761e-02,-3.716744482517242432e-02,-5.907374024391174316e-01,1.941568218171596527e-02,6.533267498016357422e-01,2.265546619892120361e-01,1.261719763278961182e-01,1.034418702125549316e+00,2.068975687026977539e+00,-3.210835158824920654e-01,-6.139402985572814941e-01,1.607425063848495483e-01,6.657264828681945801e-01,2.585922181606292725e-01,-1.026081517338752747e-01,1.067299127578735352e+00,2.134732484817504883e+00
-6.381305400282144547e-03,-5.097874253988265991e-02,1.025839447975158691e+00,-1.550846099853515625e-01,1.197660192847251892e-01,7.330308556556701660e-01,6.513606309890747070e-01,-3.550635650753974915e-02,5.318392813205718994e-02,-2.906835824251174927e-02,-5.795602202415466309e-01,1.398671232163906097e-02,6.562197804450988770e-01,2.252089679241180420e-01,1.266322135925292969e-01,1.041935086250305176e+00,2.084006547927856445e+00,-3.154107034206390381e-01,-6.047413945198059082e-01,1.563887298107147217e-01,6.692109107971191406e-01,2.592428624629974365e-01,-1.013472527265548706e-01,1.076903820037841797e+00,2.153939962387084961e+00
-6.512992549687623978e-03,-5.301538854837417603e-02,1.028011560440063477e+00,-1.512432843446731567e-01,1.175898388028144836e-01,7.314410209655761719e-01,6.544402837753295898e-01,-3.223160281777381897e-02,4.639747366309165955e-02,-2.927028201520442963e-02,-5.693235397338867188e-01,1.305556483566761017e-02,6.578038334846496582e-01,2.322003245353698730e-01,1.304587125778198242e-01,1.046094655990600586e+00,2.092326879501342773e+00,-3.042680323123931885e-01,-5.979295969009399414e-01,1.472709923982620239e-01,6.718854904174804688e-01,2.652581036090850830e-01,-1.017595827579498291e-01,1.084400177001953125e+00,2.168934583663940430e+00
-6.393318530172109604e-03,-5.245083570480346680e-02,1.030700445175170898e+00,-1.468095630407333374e-01,1.147044599056243896e-01,7.300871610641479492e-01,6.574667692184448242e-01,-2.856422960758209229e-02,4.092669486999511719e-02,-2.702404558658599854e-02,-5.533076524734497070e-01,1.076409406960010529e-02,6.592177152633666992e-01,2.317011654376983643e-01,1.355783045291900635e-01,1.049829006195068359e+00,2.099794864654541016e+00,-2.940964698791503906e-01,-5.844669342041015625e-01,1.389231979846954346e-01,6.741670370101928711e-01,2.646767199039459229e-01,-1.024686992168426514e-01,1.090876936912536621e+00,2.181887149810791016e+00
-6.038198713213205338e-03,-5.071365833282470703e-02,1.032810926437377930e+00,-1.415578871965408325e-01,1.110268458724021912e-01,7.288107275962829590e-01,6.606582999229431152e-01,-2.492313086986541748e-02,3.630522266030311584e-02,-2.311671897768974304e-02,-5.341899394989013672e-01,8.513423614203929901e-03,6.604152321815490723e-01,2.271335721015930176e-01,1.397433131933212280e-01,1.053016185760498047e+00,2.106168270111083984e+00,-2.849619090557098389e-01,-5.682889223098754883e-01,1.307824105024337769e-01,6.760147213935852051e-01,2.609452903270721436e-01,-1.030734181404113770e-01,1.096187353134155273e+00,2.192506790161132812e+00
-5.526145920157432556e-03,-4.810242727398872375e-02,1.034261345863342285e+00,-1.361052989959716797e-01,1.070967391133308411e-01,7.274053096771240234e-01,6.639932990074157715e-01,-2.152810990810394287e-02,3.229617327451705933e-02,-1.737184077501296997e-02,-5.145516991615295410e-01,6.464074365794658661e-03,6.613506078720092773e-01,2.204301804304122925e-01,1.420397460460662842e-01,1.055522799491882324e+00,2.111180067062377930e+00,-2.771120369434356689e-01,-5.518732070922851562e-01,1.232441961765289307e-01,6.774185895919799805e-01,2.561489045619964600e-01,-1.032535433769226074e-01,1.100264668464660645e+00,2.200659990310668945e+00
-5.010971799492835999e-03,-4.500488564372062683e-02,1.035299658775329590e+00,-1.307647675275802612e-01,1.031728312373161316e-01,7.258911728858947754e-01,6.673364639282226562e-01,-1.816274225711822510e-02,2.816069126129150391e-02,-1.023987587541341782e-02,-4.951104819774627686e-01,4.411092028021812439e-03,6.619974970817565918e-01,2.132903039455413818e-01,1.422948986291885376e-01,1.057266950607299805e+00,2.114667177200317383e+00,-2.704345881938934326e-01,-5.359560847282409668e-01,1.166363582015037537e-01,6.784171462059020996e-01,2.507988214492797852e-01,-1.034021526575088501e-01,1.103189110755920410e+00,2.206507444381713867e+00
-4.596517886966466904e-03,-4.206008091568946838e-02,1.036243915557861328e+00,-1.255019903182983398e-01,9.915858507156372070e-02,7.244226336479187012e-01,6.705435514450073242e-01,-1.498017273843288422e-02,2.334493212401866913e-02,-3.198306774720549583e-03,-4.755513966083526611e-01,2.260644221678376198e-03,6.623935699462890625e-01,2.065848857164382935e-01,1.418129801750183105e-01,1.058340668678283691e+00,2.116813421249389648e+00,-2.635941207408905029e-01,-5.197153091430664062e-01,1.105582043528556824e-01,6.790711283683776855e-01,2.457071691751480103e-01,-1.044574826955795288e-01,1.105116367340087891e+00,2.210360527038574219e+00
-4.107835236936807632e-03,-3.949629515409469604e-02,1.037438988685607910e+00,-1.203275248408317566e-01,9.509921073913574219e-02,7.230270504951477051e-01,6.735795140266418457e-01,-1.262638065963983536e-02,1.836868934333324432e-02,2.731513464823365211e-03,-4.554810822010040283e-01,2.821519738063216209e-04,6.626273393630981445e-01,2.005130350589752197e-01,1.421547681093215942e-01,1.058976054191589355e+00,2.118083238601684570e+00,-2.551103830337524414e-01,-5.027018189430236816e-01,1.042224019765853882e-01,6.794831752777099609e-01,2.404602617025375366e-01,-1.062407940626144409e-01,1.106334924697875977e+00,2.212797164916992188e+00
-3.417488420382142067e-03,-3.703990578651428223e-02,1.038827180862426758e+00,-1.153676882386207581e-01,9.119912236928939819e-02,7.215936183929443359e-01,6.765173077583312988e-01,-1.097848266363143921e-02,1.357585098594427109e-02,7.998962886631488800e-03,-4.353415966033935547e-01,-1.200366416014730930e-03,6.627942919731140137e-01,1.945893317461013794e-01,1.434310078620910645e-01,1.059428334236145020e+00,2.118987560272216797e+00,-2.454000413417816162e-01,-4.853459298610687256e-01,9.784722328186035156e-02,6.797417402267456055e-01,2.342870235443115234e-01,-1.088765934109687805e-01,1.107101082801818848e+00,2.214328765869140625e+00
-2.643645042553544044e-03,-3.455336391925811768e-02,1.040028333663940430e+00,-1.109816506505012512e-01,8.767214417457580566e-02,7.200224995613098145e-01,6.793851852416992188e-01,-9.428961202502250671e-03,9.118369780480861664e-03,1.328345015645027161e-02,-4.167595207691192627e-01,-2.069026697427034378e-03,6.629176735877990723e-01,1.886445879936218262e-01,1.450054347515106201e-01,1.059762835502624512e+00,2.119656085968017578e+00,-2.351933568716049194e-01,-4.693509638309478760e-01,9.196420013904571533e-02,6.799053549766540527e-01,2.273374050855636597e-01,-1.118012890219688416e-01,1.107586860656738281e+00,2.215300083160400391e+00
-2.000296954065561295e-03,-3.216686099767684937e-02,1.040985822677612305e+00,-1.073480397462844849e-01,8.470680564641952515e-02,7.180952429771423340e-01,6.823784708976745605e-01,-7.925027981400489807e-03,5.205617751926183701e-03,1.879132725298404694e-02,-4.007299840450286865e-01,-2.642008243128657341e-03,6.630040407180786133e-01,1.827265918254852295e-01,1.465218514204025269e-01,1.059997558593750000e+00,2.120125293731689453e+00,-2.251162976026535034e-01,-4.558745026588439941e-01,8.684110641479492188e-02,6.800019145011901855e-01,2.204955369234085083e-01,-1.144235804677009583e-01,1.107874512672424316e+00,2.215874910354614258e+00
-1.643656753003597260e-03,-3.008340671658515930e-02,1.041703462600708008e+00,-1.044227480888366699e-01,8.233758062124252319e-02,7.158483266830444336e-01,6.854761838912963867e-01,-6.634297315031290054e-03,1.441927393898367882e-03,2.468256652355194092e-02,-3.874453008174896240e-01,-3.274602117016911507e-03,6.630442142486572266e-01,1.773113608360290527e-01,1.479081064462661743e-01,1.060107827186584473e+00,2.120345354080200195e+00,-2.156009376049041748e-01,-4.451326727867126465e-01,8.240321278572082520e-02,6.800574660301208496e-01,2.147911339998245239e-01,-1.163503229618072510e-01,1.108040452003479004e+00,2.216206550598144531e+00
-1.665445393882691860e-03,-2.849996276199817657e-02,1.042100429534912109e+00,-1.021489277482032776e-01,8.061542361974716187e-02,7.133659124374389648e-01,6.886042952537536621e-01,-5.788363981992006302e-03,-2.901860745623707771e-03,3.059222735464572906e-02,-3.770658671855926514e-01,-4.151064436882734299e-03,6.630199551582336426e-01,1.733144372701644897e-01,1.486347466707229614e-01,1.060045003890991211e+00,2.120219230651855469e+00,-2.067776620388031006e-01,-4.375148117542266846e-01,7.841103523969650269e-02,6.800983548164367676e-01,2.108878940343856812e-01,-1.175135076045989990e-01,1.108162641525268555e+00,2.216450452804565430e+00
-1.978957792744040489e-03,-2.729402296245098114e-02,1.042251229286193848e+00,-1.004892736673355103e-01,7.958589494228363037e-02,7.106170058250427246e-01,6.918030381202697754e-01,-5.382804200053215027e-03,-7.594602182507514954e-03,3.638950735330581665e-02,-3.694292604923248291e-01,-5.497239064425230026e-03,6.629281640052795410e-01,1.708225309848785400e-01,1.489452421665191650e-01,1.059799909591674805e+00,2.119728803634643555e+00,-1.987123042345046997e-01,-4.328867495059967041e-01,7.491534948348999023e-02,6.801472902297973633e-01,2.088136374950408936e-01,-1.182054877281188965e-01,1.108307957649230957e+00,2.216740846633911133e+00
-2.333732554689049721e-03,-2.639891207218170166e-02,1.042392253875732422e+00,-9.924301505088806152e-02,7.914505898952484131e-02,7.077227830886840820e-01,6.949930787086486816e-01,-5.170947406440973282e-03,-1.283440925180912018e-02,4.183338955044746399e-02,-3.637166023254394531e-01,-7.347204722464084625e-03,6.628088951110839844e-01,1.693681329488754272e-01,1.490001529455184937e-01,1.059479475021362305e+00,2.119087696075439453e+00,-1.915327161550521851e-01,-4.301893711090087891e-01,7.197643816471099854e-02,6.802137494087219238e-01,2.081330269575119019e-01,-1.186926290392875671e-01,1.108504295349121094e+00,2.217133522033691406e+00
-2.416768809780478477e-03,-2.573302388191223145e-02,1.042616367340087891e+00,-9.825753420591354370e-02,7.912672311067581177e-02,7.048979401588439941e-01,6.979995369911193848e-01,-4.785255528986454010e-03,-1.869279518723487854e-02,4.681254923343658447e-02,-3.592771589756011963e-01,-9.419979527592658997e-03,6.627091169357299805e-01,1.685681641101837158e-01,1.489857137203216553e-01,1.059210300445556641e+00,2.118549585342407227e+00,-1.852535605430603027e-01,-4.284705519676208496e-01,6.959048658609390259e-02,6.803004741668701172e-01,2.082477360963821411e-01,-1.190243586897850037e-01,1.108759999275207520e+00,2.217644691467285156e+00
-2.101931953802704811e-03,-2.511841803789138794e-02,1.043006420135498047e+00,-9.744126349687576294e-02,7.941767573356628418e-02,7.023523449897766113e-01,7.006419897079467773e-01,-4.226859658956527710e-03,-2.521222457289695740e-02,5.093734338879585266e-02,-3.555447459220886230e-01,-1.144342590123414993e-02,6.626821756362915039e-01,1.678341627120971680e-01,1.489464193582534790e-01,1.059135556221008301e+00,2.118400096893310547e+00,-1.795505136251449585e-01,-4.270590841770172119e-01,6.763225048780441284e-02,6.804007291793823242e-01,2.084112763404846191e-01,-1.193784326314926147e-01,1.109055280685424805e+00,2.218235254287719727e+00
-1.305107143707573414e-03,-2.461682632565498352e-02,1.043440580368041992e+00,-9.655231237411499023e-02,7.982423901557922363e-02,7.000780105590820312e-01,7.029911279678344727e-01,-3.462620778009295464e-03,-3.211892396211624146e-02,5.424699187278747559e-02,-3.522713184356689453e-01,-1.323402579873800278e-02,6.627451181411743164e-01,1.663360744714736938e-01,1.491193026304244995e-01,1.059302330017089844e+00,2.118733882904052734e+00,-1.747784167528152466e-01,-4.255478084087371826e-01,6.598555296659469604e-02,6.804997920989990234e-01,2.085496187210083008e-01,-1.198967173695564270e-01,1.109347343444824219e+00,2.218819618225097656e+00
-2.484055294189602137e-04,-2.460562251508235931e-02,1.043931484222412109e+00,-9.546541422605514526e-02,8.018451184034347534e-02,6.981664896011352539e-01,7.049967050552368164e-01,-2.422248711809515953e-03,-3.997317329049110413e-02,5.623268708586692810e-02,-3.493802547454833984e-01,-1.475623436272144318e-02,6.629022955894470215e-01,1.636298447847366333e-01,1.495469808578491211e-01,1.059722781181335449e+00,2.119575023651123047e+00,-1.710204184055328369e-01,-4.239951670169830322e-01,6.435410678386688232e-02,6.805977225303649902e-01,2.081211656332015991e-01,-1.203091591596603394e-01,1.109636068344116211e+00,2.219397068023681641e+00
6.587661919184029102e-04,-2.535120584070682526e-02,1.044476985931396484e+00,-9.408186376094818115e-02,8.057212084531784058e-02,6.962139010429382324e-01,7.070664167404174805e-01,-1.872037188149988651e-03,-4.848740249872207642e-02,5.634185299277305603e-02,-3.464470803737640381e-01,-1.640396006405353546e-02,6.631913781166076660e-01,1.605120897293090820e-01,1.498354971408843994e-01,1.060498237609863281e+00,2.121126174926757812e+00,-1.687772274017333984e-01,-4.226120710372924805e-01,6.252656877040863037e-02,6.806823611259460449e-01,2.078326940536499023e-01,-1.204034090042114258e-01,1.109885334968566895e+00,2.219895601272583008e+00
1.917292946018278599e-03,-2.235396392643451691e-02,1.044308066368103027e+00,-9.310713410377502441e-02,8.130534738302230835e-02,6.944702863693237305e-01,7.088240385055541992e-01,-1.119234133511781693e-03,-5.524276942014694214e-02,5.800293013453483582e-02,-3.419471979141235352e-01,-1.765648089349269867e-02,6.634588241577148438e-01,1.570968925952911377e-01,1.528696268796920776e-01,1.061222076416015625e+00,2.122573614120483398e+00,-1.677680760622024536e-01,-4.203969240188598633e-01,6.006065756082534790e-02,6.806556582450866699e-01,2.107174992561340332e-01,-1.213739663362503052e-01,1.109809994697570801e+00,2.219744682312011719e+00
