4.291113838553428650e-02,-3.902879729866981506e-02,1.009935021400451660e+00,-9.346392005681991577e-03,2.211755514144897461e-02,5.539497137069702148e-01,8.322038054466247559e-01,-4.861671477556228638e-02,-3.348776698112487793e-01,5.813007950782775879e-01,5.393913388252258301e-01,9.436386227607727051e-01,2.545601129531860352e-01,-9.320579767227172852e-01,2.011822015047073364e-01,-9.600105881690979004e-01,4.163178205490112305e-01,2.236105650663375854e-01,-1.437638849020004272e-01,-9.321070276200771332e-03,4.717535078525543213e-01,-1.342518627643585205e-02,1.234184280037879944e-01,6.667848229408264160e-01,1.334458589553833008e+00,2.424006909132003784e-01,-1.911955624818801880e-01,-7.264857739210128784e-02,4.735426902770996094e-01,6.392411142587661743e-02,-9.613037854433059692e-02,6.696745753288269043e-01,1.340246081352233887e+00
3.064651042222976685e-02,-5.058479681611061096e-02,1.089486837387084961e+00,4.631685558706521988e-03,1.977832056581974030e-02,5.629274845123291016e-01,8.262566328048706055e-01,-2.682744264602661133e-01,-2.074499726295471191e-01,2.639496922492980957e-01,1.149650692939758301e+00,1.545229196548461914e+00,5.612837076187133789e-01,-1.087627649307250977e+00,1.803348958492279053e-01,-1.435225725173950195e+00,9.892227649688720703e-01,1.691967695951461792e-01,-1.217259094119071960e-01,-1.418691099388524890e-04,7.045029401779174805e-01,4.323311522603034973e-02,1.826995611190795898e-01,1.183567285537719727e+00,2.367338895797729492e+00,2.617959380149841309e-01,-1.536257416009902954e-01,-1.453672796487808228e-01,7.086924314498901367e-01,1.173081398010253906e-01,-2.166987359523773193e-01,1.198338985443115234e+00,2.396879911422729492e+00
2.242015674710273743e-02,-5.423853546380996704e-02,1.091044664382934570e+00,5.174865946173667908e-03,3.924070298671722412e-02,5.882474780082702637e-01,8.077117204666137695e-01,-3.490659892559051514e-01,-1.105015575885772705e-01,1.566336490213871002e-02,1.462638854980468750e+00,1.955965757369995117e+00,6.000138521194458008e-01,-1.176040053367614746e+00,1.266275160014629364e-02,-1.619982123374938965e+00,1.470007896423339844e+00,7.120459526777267456e-02,-1.676298230886459351e-01,-2.939278818666934967e-02,7.141659855842590332e-01,6.519407033920288086e-02,2.026533037424087524e-01,1.221660614013671875e+00,2.443450450897216797e+00,2.566660940647125244e-01,-1.706523448228836060e-01,-1.980201303958892822e-01,7.141659855842590332e-01,1.270723491907119751e-01,-2.846338748931884766e-01,1.221660614013671875e+00,2.443450450897216797e+00
1.602056808769702911e-02,-5.942502617835998535e-02,1.087853550910949707e+00,1.551493071019649506e-03,4.971840977668762207e-02,6.038419008255004883e-01,7.955505251884460449e-01,-3.490659892559051514e-01,-5.827307328581809998e-02,-3.159562125802040100e-02,1.492965817451477051e+00,2.033477306365966797e+00,5.488011240959167480e-01,-1.226609706878662109e+00,-9.435144066810607910e-02,-1.580235600471496582e+00,1.665070056915283203e+00,-3.453044593334197998e-02,-2.066866308450698853e-01,-2.815330587327480316e-02,7.141659855842590332e-01,7.124917954206466675e-02,2.162082344293594360e-01,1.221660614013671875e+00,2.443450450897216797e+00,2.331665456295013428e-01,-1.949546486139297485e-01,-2.193736135959625244e-01,7.141659855842590332e-01,1.466347873210906982e-01,-3.048645555973052979e-01,1.221660614013671875e+00,2.443450450897216797e+00
7.405212149024009705e-03,-6.438721716403961182e-02,1.083445549011230469e+00,-9.028980508446693420e-03,5.561020225286483765e-02,6.085694432258605957e-01,7.914980649948120117e-01,-3.490571081638336182e-01,-4.170607775449752808e-02,-3.300641104578971863e-02,1.484870791435241699e+00,2.048789262771606445e+00,5.327656865119934082e-01,-1.244872570037841797e+00,-1.627296805381774902e-01,-1.526243448257446289e+00,1.744670629501342773e+00,-1.162389665842056274e-01,-2.460563927888870239e-01,-3.518587676808238029e-03,7.141659855842590332e-01,7.798671722412109375e-02,2.325035333633422852e-01,1.221660614013671875e+00,2.443450450897216797e+00,2.102764099836349487e-01,-2.298531234264373779e-01,-2.186364233493804932e-01,7.141659855842590332e-01,1.654076129198074341e-01,-3.177730143070220947e-01,1.221660614013671875e+00,2.443450450897216797e+00
-4.133327398449182510e-03,-6.889174878597259521e-02,1.077855706214904785e+00,-8.205099031329154968e-03,5.529594048857688904e-02,6.124892234802246094e-01,7.884998321533203125e-01,-3.490659892559051514e-01,5.936959385871887207e-02,-2.088148891925811768e-02,1.498595952987670898e+00,2.015093088150024414e+00,5.106806159019470215e-01,-1.378899931907653809e+00,-3.664130568504333496e-01,-1.368797659873962402e+00,1.868365287780761719e+00,-1.842015385627746582e-01,-2.539778947830200195e-01,6.403449922800064087e-03,7.141659855842590332e-01,9.571366012096405029e-02,2.331951856613159180e-01,1.221660614013671875e+00,2.443450450897216797e+00,1.699498444795608521e-01,-2.396474033594131470e-01,-2.209366858005523682e-01,7.141659855842590332e-01,2.038648277521133423e-01,-3.382467031478881836e-01,1.221660614013671875e+00,2.443450450897216797e+00
-1.675771176815032959e-02,-7.450243830680847168e-02,1.073672890663146973e+00,-9.878994897007942200e-03,5.265997350215911865e-02,6.150261759757995605e-01,7.866842746734619141e-01,-3.490659892559051514e-01,1.760750114917755127e-01,5.471971817314624786e-03,1.497085094451904297e+00,1.962689995765686035e+00,4.897851645946502686e-01,-1.511526823043823242e+00,-5.896067619323730469e-01,-1.168552517890930176e+00,1.912335872650146484e+00,-1.977225244045257568e-01,-2.644169330596923828e-01,5.279791075736284256e-03,7.141659855842590332e-01,1.100403442978858948e-01,2.086497545242309570e-01,1.221660614013671875e+00,2.443450450897216797e+00,1.209974437952041626e-01,-2.590205371379852295e-01,-2.113727480173110962e-01,7.141659855842590332e-01,2.378021031618118286e-01,-3.918631970882415771e-01,1.221660614013671875e+00,2.443450450897216797e+00
-2.859856374561786652e-02,-7.999690622091293335e-02,1.069921016693115234e+00,-1.303101982921361923e-02,4.731504991650581360e-02,6.144974827766418457e-01,7.873908281326293945e-01,-3.490659892559051514e-01,2.911003232002258301e-01,4.106111824512481689e-02,1.495271205902099609e+00,1.917671084403991699e+00,4.600018262863159180e-01,-1.615823149681091309e+00,-7.962610125541687012e-01,-9.802111387252807617e-01,1.899126887321472168e+00,-1.869836449623107910e-01,-2.705438733100891113e-01,6.137658841907978058e-03,7.141659855842590332e-01,1.259443163871765137e-01,1.911659687757492065e-01,1.221660614013671875e+00,2.443450450897216797e+00,8.695419877767562866e-02,-2.786921262741088867e-01,-1.933698058128356934e-01,7.141659855842590332e-01,2.599417269229888916e-01,-4.712390005588531494e-01,1.221660614013671875e+00,2.443450450897216797e+00
-3.767152875661849976e-02,-8.519135415554046631e-02,1.067747592926025391e+00,-1.724949479103088379e-02,4.152558371424674988e-02,6.044792532920837402e-01,7.953508496284484863e-01,-3.490659892559051514e-01,3.802764117717742920e-01,8.060667663812637329e-02,1.496846199035644531e+00,1.897296428680419922e+00,4.177425205707550049e-01,-1.681344151496887207e+00,-9.539508819580078125e-01,-8.342579603195190430e-01,1.859257221221923828e+00,-1.580302119255065918e-01,-2.724387943744659424e-01,1.128268148750066757e-02,7.141659855842590332e-01,1.412615776062011719e-01,1.825700700283050537e-01,1.221660614013671875e+00,2.443450450897216797e+00,4.779901355504989624e-02,-3.015459477901458740e-01,-1.655067056417465210e-01,7.141659855842590332e-01,2.672492861747741699e-01,-4.712390005588531494e-01,1.221660614013671875e+00,2.443450450897216797e+00
-4.530351608991622925e-02,-9.052392095327377319e-02,1.066954493522644043e+00,-3.047990798950195312e-02,5.087700858712196350e-02,5.938034653663635254e-01,8.024213314056396484e-01,-3.489602804183959961e-01,3.960791528224945068e-01,9.660053998231887817e-02,1.473214268684387207e+00,1.927334308624267578e+00,4.038487672805786133e-01,-1.643275856971740723e+00,-9.785453081130981445e-01,-7.712533473968505859e-01,1.845242977142333984e+00,-1.618980616331100464e-01,-3.138945102691650391e-01,3.137594833970069885e-02,7.141659855842590332e-01,1.574408859014511108e-01,1.801623404026031494e-01,1.221660614013671875e+00,2.443450450897216797e+00,-3.341218922287225723e-03,-3.488363921642303467e-01,-1.761091649532318115e-01,7.141659855842590332e-01,2.534423172473907471e-01,-4.712390005588531494e-01,1.221660614013671875e+00,2.443450450897216797e+00
-5.053347349166870117e-02,-9.540843218564987183e-02,1.067611098289489746e+00,-3.657168149948120117e-02,5.554744228720664978e-02,5.741154551506042480e-01,8.160688877105712891e-01,-3.489839136600494385e-01,4.103164672851562500e-01,1.137948706746101379e-01,1.452538371086120605e+00,1.959735035896301270e+00,3.897240459918975830e-01,-1.608195543289184570e+00,-9.836179614067077637e-01,-7.124755978584289551e-01,1.832081437110900879e+00,-1.449888944625854492e-01,-3.312968611717224121e-01,4.381250962615013123e-02,7.141659855842590332e-01,1.720061600208282471e-01,1.810008138418197632e-01,1.221660614013671875e+00,2.443450450897216797e+00,-7.053338736295700073e-02,-3.677318990230560303e-01,-2.062252461910247803e-01,7.141659855842590332e-01,2.556825578212738037e-01,-4.712390005588531494e-01,1.221660614013671875e+00,2.443450450897216797e+00
-5.282340571284294128e-02,-1.003721877932548523e-01,1.069542169570922852e+00,-3.723447024822235107e-02,5.600297451019287109e-02,5.510074496269226074e-01,8.317860364913940430e-01,-3.489902019500732422e-01,4.150580167770385742e-01,1.305105388164520264e-01,1.427634954452514648e+00,1.982618212699890137e+00,3.755701482295989990e-01,-1.568884253501892090e+00,-9.496650695800781250e-01,-6.661736369132995605e-01,1.814425110816955566e+00,-1.118880510330200195e-01,-3.314240574836730957e-01,4.999045282602310181e-02,7.141659855842590332e-01,1.822990030050277710e-01,1.856931298971176147e-01,1.221660614013671875e+00,2.443450450897216797e+00,-1.546727567911148071e-01,-3.663182258605957031e-01,-2.450249493122100830e-01,7.141659855842590332e-01,2.711620926856994629e-01,-4.680675268173217773e-01,1.221660614013671875e+00,2.443450450897216797e+00
-5.249090120196342468e-02,-1.057588607072830200e-01,1.073709964752197266e+00,-3.406543657183647156e-02,5.222466960549354553e-02,5.250671505928039551e-01,8.487735986709594727e-01,-3.489795029163360596e-01,4.092500209808349609e-01,1.480405181646347046e-01,1.394620180130004883e+00,1.992329359054565430e+00,3.599496781826019287e-01,-1.510472536087036133e+00,-8.784310221672058105e-01,-6.356961131095886230e-01,1.793170094490051270e+00,-6.823509186506271362e-02,-3.157318234443664551e-01,5.363625660538673401e-02,7.141659855842590332e-01,1.862158626317977905e-01,1.942854225635528564e-01,1.221660614013671875e+00,2.443450450897216797e+00,-2.589200735092163086e-01,-3.622464537620544434e-01,-2.789128720760345459e-01,7.141659855842590332e-01,2.939880192279815674e-01,-4.397419095039367676e-01,1.221660614013671875e+00,2.443450450897216797e+00
-4.986860603094100952e-02,-1.119888797402381897e-01,1.079808235168457031e+00,-2.931938879191875458e-02,4.503150284290313721e-02,4.980270564556121826e-01,8.654950261116027832e-01,-3.489559590816497803e-01,3.944889307022094727e-01,1.656394600868225098e-01,1.351767301559448242e+00,1.988777279853820801e+00,3.434717059135437012e-01,-1.422031879425048828e+00,-7.746937274932861328e-01,-6.235719323158264160e-01,1.769305944442749023e+00,-2.050258964300155640e-02,-2.906677126884460449e-01,5.661733075976371765e-02,7.141659855842590332e-01,1.846628189086914062e-01,2.068528085947036743e-01,1.221660614013671875e+00,2.443450450897216797e+00,-3.728547394275665283e-01,-3.605567514896392822e-01,-2.918996512889862061e-01,7.141659855842590332e-01,3.151562213897705078e-01,-4.080846607685089111e-01,1.221660614013671875e+00,2.443450450897216797e+00
-4.504292085766792297e-02,-1.187403947114944458e-01,1.085318803787231445e+00,-2.517062425613403320e-02,3.635548055171966553e-02,4.717786908149719238e-01,8.806074857711791992e-01,-3.489259481430053711e-01,3.709547221660614014e-01,1.790472269058227539e-01,1.298678755760192871e+00,1.973219156265258789e+00,3.287835121154785156e-01,-1.300688266754150391e+00,-6.446987986564636230e-01,-6.328192353248596191e-01,1.743797421455383301e+00,2.641096338629722595e-02,-2.628452777862548828e-01,6.458364427089691162e-02,7.141659855842590332e-01,1.793675273656845093e-01,2.245410680770874023e-01,1.221660614013671875e+00,2.443450450897216797e+00,-4.852970242500305176e-01,-3.549931347370147705e-01,-2.827208936214447021e-01,7.141659855842590332e-01,3.379575014114379883e-01,-3.907254338264465332e-01,1.221660614013671875e+00,2.443450450897216797e+00
-3.828691318631172180e-02,-1.269997954368591309e-01,1.088652610778808594e+00,-2.335642278194427490e-02,2.777101658284664154e-02,4.453717768192291260e-01,8.946101069450378418e-01,-3.482823669910430908e-01,3.393082320690155029e-01,1.860894411802291870e-01,1.233915925025939941e+00,1.946553111076354980e+00,3.181025981903076172e-01,-1.148091673851013184e+00,-4.928126633167266846e-01,-6.658462882041931152e-01,1.715542435646057129e+00,6.944503635168075562e-02,-2.379862368106842041e-01,8.073609322309494019e-02,7.141659855842590332e-01,1.711034625768661499e-01,2.478898018598556519e-01,1.221660614013671875e+00,2.443450450897216797e+00,-5.941654443740844727e-01,-3.446660339832305908e-01,-2.641022503376007080e-01,7.141659855842590332e-01,3.671315908432006836e-01,-3.792835175991058350e-01,1.221660614013671875e+00,2.443450450897216797e+00
-2.848456054925918579e-02,-1.358065903186798096e-01,1.090712070465087891e+00,-3.362173587083816528e-02,9.271071758121252060e-04,3.947155475616455078e-01,9.181875586509704590e-01,-3.219755291938781738e-01,1.925010085105895996e-01,2.386205196380615234e-01,1.119807362556457520e+00,1.859785556793212891e+00,3.159713745117187500e-01,-7.465692162513732910e-01,-9.359877556562423706e-02,-1.049205660820007324e+00,1.706347823143005371e+00,1.755689233541488647e-01,-1.833676695823669434e-01,1.434047520160675049e-01,7.141659855842590332e-01,1.416806131601333618e-01,3.050122261047363281e-01,1.221660614013671875e+00,2.443450450897216797e+00,-6.981319785118103027e-01,-2.972545921802520752e-01,-2.106946259737014771e-01,7.141659855842590332e-01,4.389334619045257568e-01,-2.869543731212615967e-01,1.221660614013671875e+00,2.443450450897216797e+00
-1.636065170168876648e-02,-1.494939774274826050e-01,1.090024709701538086e+00,-4.044953733682632446e-02,1.439729798585176468e-02,3.321344554424285889e-01,9.422543644905090332e-01,-1.767775565385818481e-01,6.943484395742416382e-02,2.636297643184661865e-01,9.154146313667297363e-01,1.790143489837646484e+00,3.808728158473968506e-01,-3.856149911880493164e-01,2.393957525491714478e-01,-1.409784078598022461e+00,1.629086256027221680e+00,2.618311941623687744e-01,-2.059469968080520630e-01,1.634761095046997070e-01,7.141659855842590332e-01,1.349569559097290039e-01,3.561837375164031982e-01,1.221660614013671875e+00,2.443450450897216797e+00,-6.981319785118103027e-01,-3.123182058334350586e-01,-1.620863974094390869e-01,7.141659855842590332e-01,4.890368580818176270e-01,-2.688484191894531250e-01,1.221660614013671875e+00,2.443450450897216797e+00
-3.884891280904412270e-03,-1.661689877510070801e-01,1.087687611579895020e+00,-2.978641539812088013e-02,2.759029716253280640e-02,2.682211995124816895e-01,9.625014066696166992e-01,-5.423036590218544006e-02,1.325395610183477402e-02,2.582626342773437500e-01,7.486999630928039551e-01,1.693175196647644043e+00,4.572254717350006104e-01,-1.782561093568801880e-01,3.865792155265808105e-01,-1.597390174865722656e+00,1.452380537986755371e+00,3.549359440803527832e-01,-2.044795602560043335e-01,1.496378779411315918e-01,7.141659855842590332e-01,1.301864087581634521e-01,4.001931846141815186e-01,1.221660614013671875e+00,2.443450450897216797e+00,-6.981319785118103027e-01,-3.394623398780822754e-01,-1.336292028427124023e-01,7.141659855842590332e-01,5.486514568328857422e-01,-2.593441009521484375e-01,1.221660614013671875e+00,2.443450450897216797e+00
9.217142127454280853e-03,-1.841912567615509033e-01,1.084522962570190430e+00,-2.013817802071571350e-02,4.823173210024833679e-02,2.254701107740402222e-01,9.728470444679260254e-01,-1.941482350230216980e-02,3.112385049462318420e-02,1.742022484540939331e-01,6.814438700675964355e-01,1.648337841033935547e+00,4.761865139007568359e-01,-9.956057369709014893e-02,3.889689445495605469e-01,-1.590559720993041992e+00,1.352023839950561523e+00,3.807991743087768555e-01,-2.167583405971527100e-01,1.329295337200164795e-01,7.141659855842590332e-01,1.230652034282684326e-01,4.307730495929718018e-01,1.221660614013671875e+00,2.443450450897216797e+00,-6.981319785118103027e-01,-3.631790280342102051e-01,-8.875927329063415527e-02,7.141659855842590332e-01,5.712761878967285156e-01,-2.833687067031860352e-01,1.221660614013671875e+00,2.443450450897216797e+00
2.477126009762287140e-02,-2.055057138204574585e-01,1.081487774848937988e+00,-2.323044696822762489e-03,5.346954613924026489e-02,1.733812391757965088e-01,9.833995103836059570e-01,1.270673982799053192e-02,3.680881857872009277e-02,9.514884650707244873e-02,6.063047051429748535e-01,1.606506943702697754e+00,4.925416409969329834e-01,-5.613080784678459167e-02,3.633321821689605713e-01,-1.571580767631530762e+00,1.225308060646057129e+00,4.075515270233154297e-01,-1.803731024265289307e-01,1.240058764815330505e-01,7.141659855842590332e-01,1.244504898786544800e-01,4.681492447853088379e-01,1.221660494804382324e+00,2.443450212478637695e+00,-6.981319785118103027e-01,-3.768140971660614014e-01,-5.244595184922218323e-02,7.141659855842590332e-01,5.848371386528015137e-01,-2.943224012851715088e-01,1.221660614013671875e+00,2.443450450897216797e+00
4.270624369382858276e-02,-2.304919958114624023e-01,1.078078746795654297e+00,1.766314171254634857e-02,5.214727669954299927e-02,1.175370961427688599e-01,9.915410876274108887e-01,4.383958876132965088e-02,3.428774699568748474e-02,2.309668995440006256e-02,5.310774445533752441e-01,1.571923255920410156e+00,5.142265558242797852e-01,-3.175340965390205383e-02,3.275391757488250732e-01,-1.539510488510131836e+00,1.091248631477355957e+00,4.131163656711578369e-01,-1.165371686220169067e-01,1.222830936312675476e-01,7.141659855842590332e-01,1.274359375238418579e-01,4.712389707565307617e-01,1.221660375595092773e+00,2.443449974060058594e+00,-6.981319785118103027e-01,-3.918679356575012207e-01,-2.073794603347778320e-02,7.141659855842590332e-01,5.639179944992065430e-01,-2.766063213348388672e-01,1.221660614013671875e+00,2.443450450897216797e+00
6.209373846650123596e-02,-2.605400085449218750e-01,1.073809862136840820e+00,4.290793463587760925e-02,3.010837733745574951e-02,4.605812206864356995e-02,9.975625276565551758e-01,9.095893055200576782e-02,-1.453557703644037247e-02,-1.080722315236926079e-03,4.285283088684082031e-01,1.525078177452087402e+00,6.078022122383117676e-01,-5.985192582011222839e-02,2.686661481857299805e-01,-1.477565765380859375e+00,8.786097168922424316e-01,3.947670459747314453e-01,1.793907023966312408e-02,1.328618824481964111e-01,7.141659855842590332e-01,1.270377188920974731e-01,4.712390005588531494e-01,1.221660614013671875e+00,2.443450450897216797e+00,-6.981319785118103027e-01,-3.844675123691558838e-01,-1.908916607499122620e-02,7.141659855842590332e-01,4.834097325801849365e-01,-1.797926276922225952e-01,1.221660614013671875e+00,2.443450450897216797e+00
8.057942241430282593e-02,-2.932983338832855225e-01,1.070094585418701172e+00,5.156999081373214722e-02,3.333862498402595520e-02,-1.718482817523181438e-04,9.981127381324768066e-01,1.014413312077522278e-01,7.125969976186752319e-03,-8.695109933614730835e-02,3.713046312332153320e-01,1.504709601402282715e+00,6.541435718536376953e-01,-2.397124841809272766e-02,2.516297399997711182e-01,-1.443060278892517090e+00,7.957275509834289551e-01,2.989380657672882080e-01,8.358209580183029175e-02,1.410397589206695557e-01,7.141659855842590332e-01,1.323110163211822510e-01,4.712390005588531494e-01,1.221660614013671875e+00,2.443450450897216797e+00,-6.981319785118103027e-01,-3.928602635860443115e-01,1.746361143887042999e-02,7.141659855842590332e-01,4.257602393627166748e-01,-1.279678344726562500e-01,1.221660614013671875e+00,2.443450450897216797e+00
9.708043932914733887e-02,-3.277190625667572021e-01,1.068146705627441406e+00,5.813349038362503052e-02,3.695892170071601868e-02,-4.132544994354248047e-02,9.967681765556335449e-01,1.057689487934112549e-01,4.720555990934371948e-02,-1.476877480745315552e-01,3.353478610515594482e-01,1.501393318176269531e+00,6.843952536582946777e-01,-2.367124106967821717e-04,2.500326931476593018e-01,-1.431172847747802734e+00,7.515067458152770996e-01,1.970090121030807495e-01,1.482292860746383667e-01,1.493661403656005859e-01,7.141659855842590332e-01,1.731035411357879639e-01,4.712390005588531494e-01,1.221660614013671875e+00,2.443450450897216797e+00,-6.977090239524841309e-01,-3.916111588478088379e-01,5.769238248467445374e-02,7.141659855842590332e-01,3.950016498565673828e-01,-8.844115585088729858e-02,1.221660614013671875e+00,2.443450450897216797e+00
1.112856566905975342e-01,-3.628230094909667969e-01,1.069280266761779785e+00,6.197324395179748535e-02,3.404252976179122925e-02,-8.308308571577072144e-02,9.940310120582580566e-01,1.044984981417655945e-01,9.605556726455688477e-02,-1.915179044008255005e-01,2.961015999317169189e-01,1.506536126136779785e+00,7.307311296463012695e-01,8.025088347494602203e-03,2.458358108997344971e-01,-1.435722231864929199e+00,7.364995479583740234e-01,7.790925353765487671e-02,2.292642742395401001e-01,1.522758603096008301e-01,7.141659855842590332e-01,3.082076311111450195e-01,4.515097439289093018e-01,1.221660614013671875e+00,2.443450450897216797e+00,-6.700758934020996094e-01,-3.642762303352355957e-01,8.451875299215316772e-02,7.141659855842590332e-01,3.644990026950836182e-01,-4.292196780443191528e-02,1.221660614013671875e+00,2.443450450897216797e+00
1.226008385419845581e-01,-3.966270387172698975e-01,1.073864459991455078e+00,6.681111454963684082e-02,3.365740552544593811e-02,-1.285948753356933594e-01,9.888714551925659180e-01,1.056198552250862122e-01,1.405015140771865845e-01,-2.345466464757919312e-01,2.730231583118438721e-01,1.540817022323608398e+00,8.071810007095336914e-01,2.053554169833660126e-02,2.680747210979461670e-01,-1.467127799987792969e+00,7.223299145698547363e-01,-4.991099238395690918e-02,2.743984460830688477e-01,1.231668591499328613e-01,7.141554355621337891e-01,5.371614694595336914e-01,3.897841572761535645e-01,1.221578955650329590e+00,2.443285942077636719e+00,-6.074917912483215332e-01,-3.410414755344390869e-01,1.030341535806655884e-01,7.141659855842590332e-01,3.448116779327392578e-01,1.126375980675220490e-02,1.221660614013671875e+00,2.443450450897216797e+00
1.320817917585372925e-01,-4.278071224689483643e-01,1.082306146621704102e+00,7.400850206613540649e-02,2.694090642035007477e-02,-1.723089069128036499e-01,9.818893074989318848e-01,1.096425428986549377e-01,1.995873898267745972e-01,-2.526011466979980469e-01,2.599254548549652100e-01,1.572722315788269043e+00,8.956609368324279785e-01,2.782118692994117737e-02,2.966196537017822266e-01,-1.510487318038940430e+00,7.517129778861999512e-01,-1.166805401444435120e-01,2.570489048957824707e-01,7.785341888666152954e-02,7.140122652053833008e-01,6.369191408157348633e-01,3.222515285015106201e-01,1.220698475837707520e+00,2.441532611846923828e+00,-5.481423735618591309e-01,-3.072170019149780273e-01,1.029829233884811401e-01,7.141659855842590332e-01,3.234447240829467773e-01,4.850907996296882629e-02,1.221660614013671875e+00,2.443450450897216797e+00
1.398563235998153687e-01,-4.547612369060516357e-01,1.090930819511413574e+00,8.472512662410736084e-02,2.632997930049896240e-02,-2.243179976940155029e-01,9.704688787460327148e-01,1.185395568609237671e-01,2.540563344955444336e-01,-2.738008499145507812e-01,2.605155706405639648e-01,1.615224003791809082e+00,1.001572489738464355e+00,5.931082367897033691e-02,3.568733334541320801e-01,-1.578454494476318359e+00,8.001955151557922363e-01,-1.471122652292251587e-01,1.684552431106567383e-01,1.666213572025299072e-02,7.042436003684997559e-01,6.619935631752014160e-01,2.513956129550933838e-01,1.184791445732116699e+00,2.369723796844482422e+00,-4.692674279212951660e-01,-2.942602336406707764e-01,1.001262515783309937e-01,7.141659855842590332e-01,3.112868070602416992e-01,8.192387223243713379e-02,1.221660614013671875e+00,2.443450450897216797e+00
1.486206948757171631e-01,-4.771290123462677002e-01,1.097641468048095703e+00,9.195208549499511719e-02,2.652562595903873444e-02,-2.838880419731140137e-01,9.540696144104003906e-01,1.133373156189918518e-01,3.047505915164947510e-01,-2.835343778133392334e-01,2.670705020427703857e-01,1.650275945663452148e+00,1.094737648963928223e+00,9.802813827991485596e-02,4.197418093681335449e-01,-1.647099852561950684e+00,8.557924628257751465e-01,-1.579009741544723511e-01,4.414568468928337097e-02,-4.386414960026741028e-02,6.889215707778930664e-01,6.527971625328063965e-01,1.830297112464904785e-01,1.134566068649291992e+00,2.269270420074462891e+00,-3.793242871761322021e-01,-2.805330753326416016e-01,9.860305488109588623e-02,7.141659855842590332e-01,2.978437542915344238e-01,1.029783710837364197e-01,1.221660614013671875e+00,2.443450450897216797e+00
1.605584472417831421e-01,-4.959531128406524658e-01,1.101586461067199707e+00,9.416063874959945679e-02,3.206063061952590942e-02,-3.526722192764282227e-01,9.304451346397399902e-01,8.717532455921173096e-02,3.417448103427886963e-01,-2.779146432876586914e-01,2.802603840827941895e-01,1.696076393127441406e+00,1.185809254646301270e+00,1.453952491283416748e-01,4.792728722095489502e-01,-1.716182231903076172e+00,9.085499644279479980e-01,-1.736902296543121338e-01,-1.043212860822677612e-01,-9.149485081434249878e-02,6.762771606445312500e-01,6.375946998596191406e-01,1.174284294247627258e-01,1.096542000770568848e+00,2.193226337432861328e+00,-2.712340354919433594e-01,-2.716969251632690430e-01,1.060468629002571106e-01,7.141659855842590332e-01,2.864711284637451172e-01,1.168183758854866028e-01,1.221660614013671875e+00,2.443450450897216797e+00
1.770217120647430420e-01,-5.148005485534667969e-01,1.104036808013916016e+00,9.221695363521575928e-02,4.042738303542137146e-02,-4.322740137577056885e-01,8.961031436920166016e-01,4.490518942475318909e-02,3.591719865798950195e-01,-2.522528767585754395e-01,2.938595116138458252e-01,1.767687916755676270e+00,1.290910840034484863e+00,1.950626224279403687e-01,5.315815806388854980e-01,-1.788573265075683594e+00,9.588348269462585449e-01,-2.151224166154861450e-01,-2.545304000377655029e-01,-1.145553141832351685e-01,6.750032901763916016e-01,6.148329973220825195e-01,6.256540119647979736e-02,1.092428207397460938e+00,2.185002326965332031e+00,-1.463602930307388306e-01,-2.599312365055084229e-01,1.176888272166252136e-01,7.141659855842590332e-01,2.753465175628662109e-01,1.244181543588638306e-01,1.221660614013671875e+00,2.443450450897216797e+00
1.971811652183532715e-01,-5.383841991424560547e-01,1.105853557586669922e+00,8.874379843473434448e-02,4.778292402625083923e-02,-5.226215124130249023e-01,8.465861082077026367e-01,8.028350421227514744e-04,3.534264862537384033e-01,-2.098219245672225952e-01,2.998931109905242920e-01,1.857888102531433105e+00,1.414816141128540039e+00,2.380976527929306030e-01,5.800614356994628906e-01,-1.867916703224182129e+00,1.007980704307556152e+00,-2.617989182472229004e-01,-3.842428326606750488e-01,-1.156560629606246948e-01,6.858417391777038574e-01,5.726200342178344727e-01,2.781114727258682251e-02,1.123919486999511719e+00,2.247984409332275391e+00,-5.898771341890096664e-03,-2.366208285093307495e-01,1.240525618195533752e-01,7.141659855842590332e-01,2.611375451087951660e-01,1.313431113958358765e-01,1.221660614013671875e+00,2.443450450897216797e+00
2.186724841594696045e-01,-5.681213736534118652e-01,1.107687234878540039e+00,8.861855417490005493e-02,5.289597809314727783e-02,-6.197549104690551758e-01,7.779798507690429688e-01,-3.071766719222068787e-02,3.263859748840332031e-01,-1.636550426483154297e-01,3.048860430717468262e-01,1.950532913208007812e+00,1.546935439109802246e+00,2.708097696304321289e-01,6.328103542327880859e-01,-1.954828381538391113e+00,1.052166581153869629e+00,-2.617990076541900635e-01,-4.825768470764160156e-01,-1.117269620299339294e-01,7.012320756912231445e-01,5.251997113227844238e-01,1.532209105789661407e-02,1.173148393630981445e+00,2.346441745758056641e+00,1.487989276647567749e-01,-2.053990662097930908e-01,1.117474138736724854e-01,7.141637206077575684e-01,2.449000924825668335e-01,1.430048197507858276e-01,1.221642613410949707e+00,2.443408966064453125e+00
2.401106357574462891e-01,-6.012941002845764160e-01,1.109206795692443848e+00,1.027284190058708191e-01,6.401969492435455322e-02,-7.177241444587707520e-01,6.857262253761291504e-01,-5.020137503743171692e-02,2.535649538040161133e-01,-1.778026670217514038e-01,3.563610613346099854e-01,2.103879213333129883e+00,1.707170963287353516e+00,3.326314389705657959e-01,7.143402695655822754e-01,-2.096426248550415039e+00,1.066121816635131836e+00,-2.617990076541900635e-01,-5.785018801689147949e-01,-6.511981785297393799e-02,7.139253020286560059e-01,5.042256116867065430e-01,3.314317762851715088e-02,1.219830870628356934e+00,2.439785242080688477e+00,2.617956101894378662e-01,-2.039691954851150513e-01,7.261197268962860107e-02,7.141199707984924316e-01,2.405078113079071045e-01,1.549237072467803955e-01,1.221328854560852051e+00,2.442766666412353516e+00
2.595657408237457275e-01,-6.420817971229553223e-01,1.110498189926147461e+00,8.961038291454315186e-02,3.292173147201538086e-02,-7.829433679580688477e-01,6.147242188453674316e-01,-1.444431208074092865e-02,2.921589314937591553e-01,-7.428614795207977295e-02,2.859002351760864258e-01,2.121807336807250977e+00,1.834729313850402832e+00,2.295726239681243896e-01,7.192806601524353027e-01,-2.184540987014770508e+00,1.158747673034667969e+00,-2.617990076541900635e-01,-5.254392623901367188e-01,-7.332526147365570068e-02,7.141659855842590332e-01,4.618088006973266602e-01,1.250543259084224701e-02,1.221660614013671875e+00,2.443450450897216797e+00,2.617990076541900635e-01,-7.735052704811096191e-02,4.352031648159027100e-02,7.141659855842590332e-01,2.193314135074615479e-01,2.136136442422866821e-01,1.221660614013671875e+00,2.443450450897216797e+00
2.806568145751953125e-01,-6.875516772270202637e-01,1.109641432762145996e+00,9.839595109224319458e-02,1.810953207314014435e-02,-8.402369618415832520e-01,5.329090952873229980e-01,3.979333676397800446e-03,2.992407679557800293e-01,-2.927271090447902679e-02,2.837743759155273438e-01,2.128470897674560547e+00,1.941078186035156250e+00,1.775583624839782715e-01,7.258769869804382324e-01,-2.250009059906005859e+00,1.213870167732238770e+00,-2.617990076541900635e-01,-5.188812613487243652e-01,-4.998219385743141174e-02,7.141659855842590332e-01,4.608722925186157227e-01,-1.700565032660961151e-02,1.221660614013671875e+00,2.443450450897216797e+00,2.617990076541900635e-01,-3.046354092657566071e-02,-2.410933189094066620e-02,7.141659855842590332e-01,1.973455399274826050e-01,2.360282391309738159e-01,1.221660494804382324e+00,2.443450212478637695e+00
3.004606664180755615e-01,-7.374058961868286133e-01,1.107591748237609863e+00,9.939631074666976929e-02,1.635352033190429211e-03,-8.907629847526550293e-01,4.434624612331390381e-01,2.185977809131145477e-02,3.028098642826080322e-01,2.966550551354885101e-02,2.666854858398437500e-01,2.112060546875000000e+00,2.020354032516479492e+00,1.023076996207237244e-01,7.073546051979064941e-01,-2.295521259307861328e+00,1.271825551986694336e+00,-2.617990076541900635e-01,-4.666602909564971924e-01,-1.628064177930355072e-02,7.141659855842590332e-01,4.814774096012115479e-01,-4.393250495195388794e-02,1.221660614013671875e+00,2.443450450897216797e+00,2.617990076541900635e-01,1.678026840090751648e-02,-9.258266538381576538e-02,7.141659855842590332e-01,1.719786971807479858e-01,2.287569940090179443e-01,1.221660614013671875e+00,2.443450450897216797e+00
3.170008361339569092e-01,-7.917828559875488281e-01,1.104907155036926270e+00,9.705123305320739746e-02,-1.289041433483362198e-02,-9.381591677665710449e-01,3.320726156234741211e-01,4.010545089840888977e-02,2.660526037216186523e-01,9.868838638067245483e-02,2.574727535247802734e-01,2.081531763076782227e+00,2.104056596755981445e+00,2.433349005877971649e-02,6.725763082504272461e-01,-2.334731101989746094e+00,1.342185735702514648e+00,-2.617990076541900635e-01,-3.859081864356994629e-01,3.261392563581466675e-02,7.141659855842590332e-01,4.808646738529205322e-01,-3.454421833157539368e-02,1.221660614013671875e+00,2.443450450897216797e+00,2.617990076541900635e-01,4.232215508818626404e-02,-1.710895895957946777e-01,7.141659855842590332e-01,1.300311386585235596e-01,1.767929792404174805e-01,1.221660614013671875e+00,2.443450450897216797e+00
3.288532197475433350e-01,-8.487953543663024902e-01,1.101406931877136230e+00,9.174726903438568115e-02,-2.003656513988971710e-02,-9.742609262466430664e-01,2.049306780099868774e-01,4.426525905728340149e-02,2.094773650169372559e-01,1.674284040927886963e-01,2.583519220352172852e-01,2.036848545074462891e+00,2.180345296859741211e+00,-4.055483266711235046e-02,6.254557371139526367e-01,-2.347805261611938477e+00,1.424254894256591797e+00,-2.617990076541900635e-01,-2.881474196910858154e-01,8.979292213916778564e-02,7.141659855842590332e-01,4.127439558506011963e-01,5.489895865321159363e-02,1.221660614013671875e+00,2.443450450897216797e+00,2.617990076541900635e-01,3.497225791215896606e-02,-2.490146458148956299e-01,7.141659855842590332e-01,8.805766701698303223e-02,7.620780915021896362e-02,1.221660614013671875e+00,2.443450450897216797e+00
3.353933691978454590e-01,-9.071369171142578125e-01,1.095849633216857910e+00,8.695540577173233032e-02,-2.038552612066268921e-02,-9.929466247558593750e-01,7.797531783580780029e-02,3.203741833567619324e-02,1.768773794174194336e-01,2.110832035541534424e-01,2.741584181785583496e-01,1.995148539543151855e+00,2.237757444381713867e+00,-8.205099403858184814e-02,5.733228921890258789e-01,-2.334514379501342773e+00,1.502046108245849609e+00,-2.617990076541900635e-01,-1.991385519504547119e-01,1.520719379186630249e-01,7.141659855842590332e-01,2.936638891696929932e-01,1.952677369117736816e-01,1.221660614013671875e+00,2.443450450897216797e+00,2.617990076541900635e-01,-8.054764941334724426e-03,-3.153389692306518555e-01,7.141659855842590332e-01,7.819753885269165039e-02,-3.741624951362609863e-02,1.221660614013671875e+00,2.443450450897216797e+00
3.388164937496185303e-01,-9.653383493423461914e-01,1.090535044670104980e+00,8.209230005741119385e-02,-2.268351614475250244e-02,-9.957903027534484863e-01,-3.388232737779617310e-02,2.052428945899009705e-02,1.733724325895309448e-01,2.325547188520431519e-01,2.944315075874328613e-01,1.963025569915771484e+00,2.277874469757080078e+00,-1.065047532320022583e-01,5.186337232589721680e-01,-2.302524566650390625e+00,1.576499223709106445e+00,-2.617990076541900635e-01,-1.307315230369567871e-01,2.313228100538253784e-01,7.141659855842590332e-01,1.719157993793487549e-01,3.587656021118164062e-01,1.221660614013671875e+00,2.443450450897216797e+00,2.617917060852050781e-01,-6.799549609422683716e-02,-3.698653578758239746e-01,7.141659855842590332e-01,1.083425953984260559e-01,-1.280368864536285400e-01,1.221660614013671875e+00,2.443450450897216797e+00
3.427406847476959229e-01,-1.014908552169799805e+00,1.092094063758850098e+00,8.616242557764053345e-02,-1.565457694232463837e-02,-9.893115162849426270e-01,-1.165918931365013123e-01,-1.329355128109455109e-02,2.121168822050094604e-01,2.225575149059295654e-01,3.140650093555450439e-01,1.949000477790832520e+00,2.298857927322387695e+00,-1.019364595413208008e-01,4.814100265502929688e-01,-2.273349285125732422e+00,1.623994827270507812e+00,-2.617990076541900635e-01,-1.056949868798255920e-01,2.080227881669998169e-01,7.141659855842590332e-01,1.199700161814689636e-01,4.176544547080993652e-01,1.221660614013671875e+00,2.443450450897216797e+00,2.078914791345596313e-01,-1.705301254987716675e-01,-3.769288957118988037e-01,7.141659855842590332e-01,1.586295068264007568e-01,-1.720254421234130859e-01,1.221660614013671875e+00,2.443450450897216797e+00
3.468906879425048828e-01,-1.060478925704956055e+00,1.095523118972778320e+00,8.905233442783355713e-02,-1.360491104423999786e-02,-9.774040579795837402e-01,-1.912222057580947876e-01,-3.291877359151840210e-02,2.449250072240829468e-01,1.990711688995361328e-01,3.335510492324829102e-01,1.940298795700073242e+00,2.313027858734130859e+00,-1.030123606324195862e-01,4.505364298820495605e-01,-2.241070508956909180e+00,1.673916339874267578e+00,-2.617990076541900635e-01,-9.423577040433883667e-02,1.721157580614089966e-01,7.141659855842590332e-01,1.031040996313095093e-01,4.531307816505432129e-01,1.221660614013671875e+00,2.443450450897216797e+00,9.030630439519882202e-02,-2.764679193496704102e-01,-3.558865487575531006e-01,7.141659855842590332e-01,2.077315747737884521e-01,-1.936766803264617920e-01,1.221660614013671875e+00,2.443450450897216797e+00
3.517669141292572021e-01,-1.102128386497497559e+00,1.098901391029357910e+00,9.002427011728286743e-02,-1.634355634450912476e-02,-9.608518481254577637e-01,-2.615191638469696045e-01,-3.654959052801132202e-02,2.627798020839691162e-01,1.633104234933853149e-01,3.617641031742095947e-01,1.933188319206237793e+00,2.318989038467407227e+00,-1.208512708544731140e-01,4.226186871528625488e-01,-2.199128150939941406e+00,1.735167980194091797e+00,-2.488702535629272461e-01,-9.760622680187225342e-02,1.258446127176284790e-01,7.141659855842590332e-01,1.119122132658958435e-01,4.706338942050933838e-01,1.221660614013671875e+00,2.443450450897216797e+00,-6.856983900070190430e-02,-3.423175215721130371e-01,-2.922998368740081787e-01,7.141659855842590332e-01,2.474710494279861450e-01,-2.030662000179290771e-01,1.221660614013671875e+00,2.443450450897216797e+00
3.559701144695281982e-01,-1.140577793121337891e+00,1.101032376289367676e+00,9.200073778629302979e-02,-2.211098745465278625e-02,-9.410147070884704590e-01,-3.248665332794189453e-01,-4.007523134350776672e-02,2.778038382530212402e-01,1.143599450588226318e-01,4.071617424488067627e-01,1.932939052581787109e+00,2.312661409378051758e+00,-1.391059458255767822e-01,3.943593204021453857e-01,-2.156676530838012695e+00,1.788123250007629395e+00,-2.391361296176910400e-01,-1.191137582063674927e-01,8.113034814596176147e-02,7.141659855842590332e-01,1.314452141523361206e-01,4.662188887596130371e-01,1.221660614013671875e+00,2.443450450897216797e+00,-2.046033143997192383e-01,-3.502920866012573242e-01,-2.212756723165512085e-01,7.141659855842590332e-01,2.704780101776123047e-01,-2.049912065267562866e-01,1.221660614013671875e+00,2.443450450897216797e+00
3.595668077468872070e-01,-1.176045656204223633e+00,1.101838350296020508e+00,9.268321841955184937e-02,-2.717784047126770020e-02,-9.186773896217346191e-01,-3.830184042453765869e-01,-4.704261198639869690e-02,2.885612845420837402e-01,5.711539834737777710e-02,4.644590616226196289e-01,1.941741466522216797e+00,2.292888641357421875e+00,-1.535321921110153198e-01,3.660653233528137207e-01,-2.112409830093383789e+00,1.831155657768249512e+00,-2.325010299682617188e-01,-1.458317488431930542e-01,4.440640658140182495e-02,7.141659855842590332e-01,1.539799273014068604e-01,4.472745060920715332e-01,1.221660614013671875e+00,2.443450450897216797e+00,-2.962723076343536377e-01,-3.112410306930541992e-01,-1.621955931186676025e-01,7.141659855842590332e-01,2.887711822986602783e-01,-2.051389515399932861e-01,1.221660614013671875e+00,2.443450450897216797e+00
3.628944158554077148e-01,-1.209353685379028320e+00,1.101404666900634766e+00,9.191737323999404907e-02,-3.033601306378841400e-02,-8.933588862419128418e-01,-4.387946724891662598e-01,-5.771766230463981628e-02,2.921406924724578857e-01,-3.658972913399338722e-03,5.262999534606933594e-01,1.956870198249816895e+00,2.261162519454956055e+00,-1.578958779573440552e-01,3.422749042510986328e-01,-2.064232826232910156e+00,1.862578153610229492e+00,-2.273309379816055298e-01,-1.728894710540771484e-01,1.767141930758953094e-02,7.141659855842590332e-01,1.759342402219772339e-01,4.226203262805938721e-01,1.221660614013671875e+00,2.443450450897216797e+00,-3.444086313247680664e-01,-2.432686984539031982e-01,-1.255865991115570068e-01,7.141659855842590332e-01,3.062353432178497314e-01,-2.107502073049545288e-01,1.221660614013671875e+00,2.443450450897216797e+00
3.666344285011291504e-01,-1.240527510643005371e+00,1.099804759025573730e+00,8.842679113149642944e-02,-2.942281030118465424e-02,-8.637599945068359375e-01,-4.952107071876525879e-01,-7.340989261865615845e-02,2.786508798599243164e-01,-6.137600168585777283e-02,5.907686352729797363e-01,1.975409030914306641e+00,2.212319135665893555e+00,-1.581234782934188843e-01,3.256462216377258301e-01,-2.005498886108398438e+00,1.889194607734680176e+00,-2.112584263086318970e-01,-1.923642009496688843e-01,1.137693529017269611e-03,7.141659855842590332e-01,1.985887140035629272e-01,3.977167308330535889e-01,1.221660614013671875e+00,2.443450450897216797e+00,-3.560304641723632812e-01,-1.589007973670959473e-01,-1.142740771174430847e-01,7.141659855842590332e-01,3.255651295185089111e-01,-2.208418995141983032e-01,1.221660614013671875e+00,2.443450450897216797e+00
3.714013993740081787e-01,-1.269309759140014648e+00,1.096716046333312988e+00,8.692997694015502930e-02,-2.787504345178604126e-02,-8.304144740104675293e-01,-5.496161580085754395e-01,-8.967310190200805664e-02,2.503328621387481689e-01,-1.133377924561500549e-01,6.486225128173828125e-01,1.989710450172424316e+00,2.155468463897705078e+00,-1.428838819265365601e-01,3.284581303596496582e-01,-1.948352217674255371e+00,1.900619626045227051e+00,-1.810922175645828247e-01,-2.175893783569335938e-01,-4.235520958900451660e-03,7.141659855842590332e-01,2.140666097402572632e-01,3.794545829296112061e-01,1.221660614013671875e+00,2.443450450897216797e+00,-3.444463610649108887e-01,-8.018361032009124756e-02,-1.221770867705345154e-01,7.141659855842590332e-01,3.398330211639404297e-01,-2.341696470975875854e-01,1.221660614013671875e+00,2.443450450897216797e+00
3.776743710041046143e-01,-1.296138405799865723e+00,1.092509984970092773e+00,8.675160259008407593e-02,-2.556259743869304657e-02,-7.945880889892578125e-01,-6.003752350807189941e-01,-1.037235707044601440e-01,2.107779085636138916e-01,-1.559914052486419678e-01,6.975203156471252441e-01,1.996884465217590332e+00,2.093136310577392578e+00,-1.167570501565933228e-01,3.564371764659881592e-01,-1.898853421211242676e+00,1.896658420562744141e+00,-1.327819675207138062e-01,-2.461649626493453979e-01,-6.669996073469519615e-04,7.141659855842590332e-01,2.206061184406280518e-01,3.656124472618103027e-01,1.221660614013671875e+00,2.443450450897216797e+00,-3.180105984210968018e-01,-9.957837872207164764e-03,-1.411172896623611450e-01,7.141659855842590332e-01,3.523589074611663818e-01,-2.462446689605712891e-01,1.221660614013671875e+00,2.443450450897216797e+00
3.865894377231597900e-01,-1.322446584701538086e+00,1.088463306427001953e+00,8.767320215702056885e-02,-2.343267761170864105e-02,-7.587481141090393066e-01,-6.450315117835998535e-01,-1.125503405928611755e-01,1.686483472585678101e-01,-1.845045536756515503e-01,7.359186410903930664e-01,1.995593309402465820e+00,2.029068708419799805e+00,-8.212690800428390503e-02,4.064710736274719238e-01,-1.861393570899963379e+00,1.873099803924560547e+00,-6.980192661285400391e-02,-2.777495682239532471e-01,8.094531483948230743e-03,7.141659855842590332e-01,2.202195227146148682e-01,3.567033112049102783e-01,1.221660614013671875e+00,2.443450450897216797e+00,-2.739483118057250977e-01,5.003766342997550964e-02,-1.591683030128479004e-01,7.141659855842590332e-01,3.596989810466766357e-01,-2.646794915199279785e-01,1.221660614013671875e+00,2.443450450897216797e+00
3.985977172851562500e-01,-1.349656701087951660e+00,1.084579586982727051e+00,9.080713987350463867e-02,-2.596000209450721741e-02,-7.307882308959960938e-01,-6.760389804840087891e-01,-1.153414174914360046e-01,1.453983187675476074e-01,-2.084464132785797119e-01,7.657356262207031250e-01,1.999307394027709961e+00,1.978357553482055664e+00,-3.766464442014694214e-02,4.651987552642822266e-01,-1.835719823837280273e+00,1.830164670944213867e+00,-2.321149967610836029e-02,-3.225055336952209473e-01,1.868625171482563019e-02,7.141659855842590332e-01,2.184834778308868408e-01,3.534865379333496094e-01,1.221660614013671875e+00,2.443450450897216797e+00,-2.381077855825424194e-01,8.747726678848266602e-02,-1.687527596950531006e-01,7.141659855842590332e-01,3.468565344810485840e-01,-2.879574000835418701e-01,1.221660614013671875e+00,2.443450450897216797e+00
4.129772186279296875e-01,-1.377520322799682617e+00,1.080603361129760742e+00,9.279011934995651245e-02,-3.008873201906681061e-02,-7.088838815689086914e-01,-6.985473036766052246e-01,-1.128567382693290710e-01,1.301392018795013428e-01,-2.198877930641174316e-01,7.879009246826171875e-01,2.010352611541748047e+00,1.931574463844299316e+00,3.467838687356561422e-04,5.255202651023864746e-01,-1.815500617027282715e+00,1.773899674415588379e+00,1.348919328302145004e-02,-3.676256835460662842e-01,2.845952101051807404e-02,7.141659855842590332e-01,2.175886631011962891e-01,3.532110750675201416e-01,1.221660614013671875e+00,2.443450450897216797e+00,-2.051012665033340454e-01,1.098338365554809570e-01,-1.703163534402847290e-01,7.141659855842590332e-01,3.188672661781311035e-01,-3.140433132648468018e-01,1.221660614013671875e+00,2.443450450897216797e+00
4.291271269321441650e-01,-1.406016111373901367e+00,1.076470136642456055e+00,9.215649217367172241e-02,-3.332212194800376892e-02,-6.891384124755859375e-01,-7.179728746414184570e-01,-1.053261086344718933e-01,1.139757558703422546e-01,-2.085730880498886108e-01,7.977806925773620605e-01,2.022920608520507812e+00,1.881622791290283203e+00,2.222154848277568817e-02,5.854865908622741699e-01,-1.801258206367492676e+00,1.706021308898925781e+00,5.007999762892723083e-02,-4.046650230884552002e-01,3.796052187681198120e-02,7.141659855842590332e-01,2.195226550102233887e-01,3.550299108028411865e-01,1.221660614013671875e+00,2.443450450897216797e+00,-1.649910062551498413e-01,1.210523545742034912e-01,-1.661855429410934448e-01,7.141659855842590332e-01,2.760219871997833252e-01,-3.460428714752197266e-01,1.221660614013671875e+00,2.443450450897216797e+00
4.469748139381408691e-01,-1.434908866882324219e+00,1.071936964988708496e+00,8.983761072158813477e-02,-3.663413226604461670e-02,-6.715117096900939941e-01,-7.346149682998657227e-01,-9.229062497615814209e-02,9.336437284946441650e-02,-1.788171529769897461e-01,7.997163534164428711e-01,2.034417629241943359e+00,1.829386949539184570e+00,3.082977049052715302e-02,6.439363956451416016e-01,-1.792917609214782715e+00,1.630922794342041016e+00,8.459386974573135376e-02,-4.371722042560577393e-01,4.753525927662849426e-02,7.141659855842590332e-01,2.257866859436035156e-01,3.572330772876739502e-01,1.221660614013671875e+00,2.443450450897216797e+00,-1.234273985028266907e-01,1.170018836855888367e-01,-1.571236699819564819e-01,7.141659855842590332e-01,2.120358496904373169e-01,-3.843910098075866699e-01,1.221660614013671875e+00,2.443450450897216797e+00
4.663893580436706543e-01,-1.463988542556762695e+00,1.066916584968566895e+00,8.633666485548019409e-02,-3.939217329025268555e-02,-6.552966237068176270e-01,-7.493867874145507812e-01,-7.452367991209030151e-02,6.517854332923889160e-02,-1.364596784114837646e-01,7.967951297760009766e-01,2.043611526489257812e+00,1.774687528610229492e+00,3.151112794876098633e-02,7.013112306594848633e-01,-1.791158080101013184e+00,1.553183317184448242e+00,1.168670877814292908e-01,-4.655251502990722656e-01,5.918341502547264099e-02,7.141659855842590332e-01,2.346342653036117554e-01,3.551652133464813232e-01,1.221660614013671875e+00,2.443450450897216797e+00,-8.763930201530456543e-02,9.694138169288635254e-02,-1.473833918571472168e-01,7.141659855842590332e-01,1.246068477630615234e-01,-4.246415197849273682e-01,1.221660614013671875e+00,2.443450450897216797e+00
4.860993325710296631e-01,-1.491659641265869141e+00,1.063377380371093750e+00,8.222545683383941650e-02,-4.002050682902336121e-02,-6.409883499145507812e-01,-7.620834708213806152e-01,-5.593868717551231384e-02,3.031209670007228851e-02,-8.753064274787902832e-02,7.935566902160644531e-01,2.047053813934326172e+00,1.716607093811035156e+00,2.586178295314311981e-02,7.552356719970703125e-01,-1.798098683357238770e+00,1.473640918731689453e+00,1.489735692739486694e-01,-4.860423505306243896e-01,7.092944532632827759e-02,7.141659855842590332e-01,2.479216456413269043e-01,3.552446663379669189e-01,1.221660614013671875e+00,2.443450450897216797e+00,-6.084395572543144226e-02,6.205695495009422302e-02,-1.391892135143280029e-01,7.141659855842590332e-01,3.842207789421081543e-02,-4.514901638031005859e-01,1.221660614013671875e+00,2.443450450897216797e+00
5.067854523658752441e-01,-1.520180344581604004e+00,1.061993002891540527e+00,7.847447693347930908e-02,-3.874009102582931519e-02,-6.292055249214172363e-01,-7.722961902618408203e-01,-3.988335281610488892e-02,-1.099810376763343811e-02,-3.836746513843536377e-02,7.933427691459655762e-01,2.041463136672973633e+00,1.654491066932678223e+00,1.360428333282470703e-02,8.028388619422912598e-01,-1.813025712966918945e+00,1.394671797752380371e+00,1.831666529178619385e-01,-5.038160085678100586e-01,8.128912001848220825e-02,7.141659855842590332e-01,2.626546621322631836e-01,3.646996617317199707e-01,1.221660614013671875e+00,2.443450450897216797e+00,-4.476790130138397217e-02,1.617708429694175720e-02,-1.321933269500732422e-01,7.141659855842590332e-01,-2.040421403944492340e-02,-4.483472406864166260e-01,1.221660614013671875e+00,2.443450450897216797e+00
5.279816985130310059e-01,-1.549057602882385254e+00,1.061159491539001465e+00,7.526444643735885620e-02,-3.874506056308746338e-02,-6.195336580276489258e-01,-7.803922891616821289e-01,-2.456937171518802643e-02,-5.759727582335472107e-02,2.736513502895832062e-03,7.990655303001403809e-01,2.026604652404785156e+00,1.590184569358825684e+00,-2.772069070488214493e-03,8.411981463432312012e-01,-1.834867238998413086e+00,1.320079326629638672e+00,2.144704163074493408e-01,-5.237764716148376465e-01,8.636403083801269531e-02,7.141659855842590332e-01,2.783043980598449707e-01,3.833860158920288086e-01,1.221660614013671875e+00,2.443450450897216797e+00,-3.042771667242050171e-02,-2.496987581253051758e-02,-1.194028183817863464e-01,7.141659855842590332e-01,-4.980878159403800964e-02,-4.283504784107208252e-01,1.221660614013671875e+00,2.443450450897216797e+00
5.488721132278442383e-01,-1.577738165855407715e+00,1.061308026313781738e+00,7.187820225954055786e-02,-4.088576510548591614e-02,-6.111456155776977539e-01,-7.871866822242736816e-01,-9.917387738823890686e-03,-1.067489311099052429e-01,3.271574527025222778e-02,8.119704723358154297e-01,2.004526853561401367e+00,1.523195505142211914e+00,-2.253147959709167480e-02,8.689644932746887207e-01,-1.862924456596374512e+00,1.250938534736633301e+00,2.422598898410797119e-01,-5.460242629051208496e-01,8.865364640951156616e-02,7.141659855842590332e-01,2.881413400173187256e-01,4.277643263339996338e-01,1.221660614013671875e+00,2.443450450897216797e+00,-1.603712886571884155e-02,-6.226729229092597961e-02,-1.060595661401748657e-01,7.141659855842590332e-01,-5.831580609083175659e-02,-4.000576138496398926e-01,1.221660614013671875e+00,2.443450450897216797e+00
5.663318037986755371e-01,-1.603394508361816406e+00,1.061177968978881836e+00,6.801193207502365112e-02,-4.526438564062118530e-02,-6.028169989585876465e-01,-7.936857938766479492e-01,2.822632202878594398e-03,-1.574931442737579346e-01,5.381676927208900452e-02,8.317427039146423340e-01,1.977956533432006836e+00,1.450325608253479004e+00,-4.783722385764122009e-02,8.878208398818969727e-01,-1.895111441612243652e+00,1.185355544090270996e+00,2.599546015262603760e-01,-5.655924677848815918e-01,9.079807996749877930e-02,7.141659855842590332e-01,2.850702106952667236e-01,4.711980223655700684e-01,1.221660614013671875e+00,2.443450450897216797e+00,2.263282367493957281e-04,-9.733146429061889648e-02,-9.875580668449401855e-02,7.141659855842590332e-01,-5.582149326801300049e-02,-3.719448149204254150e-01,1.221660614013671875e+00,2.443450450897216797e+00
5.804793834686279297e-01,-1.627784371376037598e+00,1.063585281372070312e+00,6.323432922363281250e-02,-5.099442601203918457e-02,-5.959231853485107422e-01,-7.989221215248107910e-01,1.242699380964040756e-02,-2.043064534664154053e-01,6.880420446395874023e-02,8.608762025833129883e-01,1.950871467590332031e+00,1.365712642669677734e+00,-7.734911888837814331e-02,8.997899889945983887e-01,-1.928992152214050293e+00,1.121445178985595703e+00,2.687450051307678223e-01,-5.727260708808898926e-01,9.670173376798629761e-02,7.141659855842590332e-01,2.669433951377868652e-01,4.712390005588531494e-01,1.221660614013671875e+00,2.443450450897216797e+00,2.033986337482929230e-02,-1.278462707996368408e-01,-9.592975676059722900e-02,7.141659855842590332e-01,-3.900023549795150757e-02,-3.486739993095397949e-01,1.221660614013671875e+00,2.443450450897216797e+00
5.916565060615539551e-01,-1.650225520133972168e+00,1.067145586013793945e+00,5.753404274582862854e-02,-5.783116072416305542e-02,-5.894970893859863281e-01,-8.036408424377441406e-01,1.893210969865322113e-02,-2.478132694959640503e-01,8.253395557403564453e-02,8.970569372177124023e-01,1.927282452583312988e+00,1.264227390289306641e+00,-1.158030405640602112e-01,9.054131507873535156e-01,-1.967158198356628418e+00,1.056006789207458496e+00,2.617586851119995117e-01,-5.565706491470336914e-01,1.175962015986442566e-01,7.141659855842590332e-01,2.454311251640319824e-01,4.711961150169372559e-01,1.221660614013671875e+00,2.443450450897216797e+00,4.311120882630348206e-02,-1.554489880800247192e-01,-9.967710077762603760e-02,7.141659855842590332e-01,-1.661895215511322021e-02,-3.289258480072021484e-01,1.221660494804382324e+00,2.443450212478637695e+00
5.998277068138122559e-01,-1.669719338417053223e+00,1.071630597114562988e+00,4.574239253997802734e-02,-5.619760975241661072e-02,-5.826588869094848633e-01,-8.094801306724548340e-01,1.364968158304691315e-02,-2.946759462356567383e-01,1.144204139709472656e-01,9.397386312484741211e-01,1.910946726799011230e+00,1.132620573043823242e+00,-1.855202317237854004e-01,9.022971987724304199e-01,-2.012025356292724609e+00,9.861431121826171875e-01,2.449196577072143555e-01,-4.944421648979187012e-01,1.420363187789916992e-01,7.141659855842590332e-01,2.301901131868362427e-01,4.211907386779785156e-01,1.221660614013671875e+00,2.443450450897216797e+00,6.787151098251342773e-02,-1.541328579187393188e-01,-1.065804809331893921e-01,7.141659855842590332e-01,1.160689163953065872e-02,-3.085635304450988770e-01,1.221660494804382324e+00,2.443450212478637695e+00
6.060540080070495605e-01,-1.686107635498046875e+00,1.075907945632934570e+00,3.568858653306961060e-02,-5.414526164531707764e-02,-5.771745443344116211e-01,-8.140418529510498047e-01,-3.921966999769210815e-03,-3.324279189109802246e-01,1.420328021049499512e-01,9.893522858619689941e-01,1.896732091903686523e+00,9.880861043930053711e-01,-2.631328105926513672e-01,8.911445736885070801e-01,-2.050309419631958008e+00,9.286251068115234375e-01,2.226922363042831421e-01,-4.205031096935272217e-01,1.556674242019653320e-01,7.141659855842590332e-01,2.188503146171569824e-01,3.787883222103118896e-01,1.221660614013671875e+00,2.443450450897216797e+00,8.837192505598068237e-02,-1.502753645181655884e-01,-1.121462062001228333e-01,7.141659855842590332e-01,3.349456563591957092e-02,-2.931264638900756836e-01,1.221660614013671875e+00,2.443450450897216797e+00
6.108579039573669434e-01,-1.700007557868957520e+00,1.079059481620788574e+00,3.626780956983566284e-02,-6.082407757639884949e-02,-5.753434300422668457e-01,-8.148404955863952637e-01,-1.794136688113212585e-02,-3.470938205718994141e-01,1.442306190729141235e-01,1.030664801597595215e+00,1.873705506324768066e+00,8.723825216293334961e-01,-3.014163672924041748e-01,8.836975097656250000e-01,-2.078355312347412109e+00,8.943886756896972656e-01,1.988565921783447266e-01,-3.764974772930145264e-01,1.579779386520385742e-01,7.141659855842590332e-01,2.080706208944320679e-01,3.616425096988677979e-01,1.221660614013671875e+00,2.443450450897216797e+00,9.926756471395492554e-02,-1.757954359054565430e-01,-1.133983582258224487e-01,7.141659855842590332e-01,4.634984582662582397e-02,-2.863144278526306152e-01,1.221660614013671875e+00,2.443450450897216797e+00
6.142802834510803223e-01,-1.711521625518798828e+00,1.081465005874633789e+00,3.611374646425247192e-02,-6.448347866535186768e-02,-5.747779607772827148e-01,-8.149650096893310547e-01,-3.474586084485054016e-02,-3.485671877861022949e-01,1.496282517910003662e-01,1.070093989372253418e+00,1.850282907485961914e+00,7.668647766113281250e-01,-3.340601325035095215e-01,8.787445425987243652e-01,-2.099200963973999023e+00,8.719616532325744629e-01,1.753019094467163086e-01,-3.257388174533843994e-01,1.595543622970581055e-01,7.141659855842590332e-01,1.951285302639007568e-01,3.540122807025909424e-01,1.221660614013671875e+00,2.443450450897216797e+00,1.029764339327812195e-01,-1.929859966039657593e-01,-1.129761859774589539e-01,7.141659855842590332e-01,5.856616795063018799e-02,-2.806361317634582520e-01,1.221660614013671875e+00,2.443450450897216797e+00
6.163693070411682129e-01,-1.721467137336730957e+00,1.082726955413818359e+00,4.089772701263427734e-02,-7.036864757537841797e-02,-5.766516923904418945e-01,-8.129258751869201660e-01,-4.384881630539894104e-02,-3.313492536544799805e-01,1.477341353893280029e-01,1.095871925354003906e+00,1.823807001113891602e+00,6.906344890594482422e-01,-3.408491313457489014e-01,8.815500736236572266e-01,-2.113420486450195312e+00,8.603848814964294434e-01,1.612428277730941772e-01,-2.936650514602661133e-01,1.599490195512771606e-01,7.141659855842590332e-01,1.772394776344299316e-01,3.516819179058074951e-01,1.221660614013671875e+00,2.443450450897216797e+00,1.046326234936714172e-01,-2.198288738727569580e-01,-1.096448749303817749e-01,7.141659855842590332e-01,6.512624770402908325e-02,-2.772590816020965576e-01,1.221660614013671875e+00,2.443450450897216797e+00
6.165957450866699219e-01,-1.729835271835327148e+00,1.083223223686218262e+00,4.299483075737953186e-02,-7.201384007930755615e-02,-5.800589919090270996e-01,-8.102450370788574219e-01,-5.519195646047592163e-02,-3.087072372436523438e-01,1.489882767200469971e-01,1.118711233139038086e+00,1.802938103675842285e+00,6.259667873382568359e-01,-3.446445167064666748e-01,8.870540261268615723e-01,-2.121386289596557617e+00,8.544742465019226074e-01,1.516980826854705811e-01,-2.573219537734985352e-01,1.613703519105911255e-01,7.141659855842590332e-01,1.571307182312011719e-01,3.522769212722778320e-01,1.221660614013671875e+00,2.443450450897216797e+00,9.975960105657577515e-02,-2.336273193359375000e-01,-1.063577383756637573e-01,7.141659855842590332e-01,7.303626835346221924e-02,-2.733276486396789551e-01,1.221660614013671875e+00,2.443450450897216797e+00
6.146645545959472656e-01,-1.736719012260437012e+00,1.083357453346252441e+00,4.437508806586265564e-02,-7.171870768070220947e-02,-5.851256847381591797e-01,-8.065451979637145996e-01,-6.484178453683853149e-02,-2.800568640232086182e-01,1.493935286998748779e-01,1.136405467987060547e+00,1.788263320922851562e+00,5.746718645095825195e-01,-3.432860970497131348e-01,8.941843509674072266e-01,-2.121249198913574219e+00,8.530616760253906250e-01,1.488456279039382935e-01,-2.305570393800735474e-01,1.640184223651885986e-01,7.141659855842590332e-01,1.318925619125366211e-01,3.557472229003906250e-01,1.221660614013671875e+00,2.443450450897216797e+00,8.978831768035888672e-02,-2.414357066154479980e-01,-1.033831387758255005e-01,7.141659855842590332e-01,7.996126264333724976e-02,-2.706823050975799561e-01,1.221660614013671875e+00,2.443450450897216797e+00
6.105518341064453125e-01,-1.742053389549255371e+00,1.083380222320556641e+00,4.524324089288711548e-02,-7.023151963949203491e-02,-5.914135575294494629e-01,-8.020290136337280273e-01,-7.245167344808578491e-02,-2.504015564918518066e-01,1.456147581338882446e-01,1.149663686752319336e+00,1.780455470085144043e+00,5.367733836174011230e-01,-3.376058638095855713e-01,9.013832807540893555e-01,-2.115313529968261719e+00,8.535658717155456543e-01,1.510021239519119263e-01,-2.213184535503387451e-01,1.664226949214935303e-01,7.141659855842590332e-01,1.036797910928726196e-01,3.595178723335266113e-01,1.221660614013671875e+00,2.443450450897216797e+00,7.561723142862319946e-02,-2.449903488159179688e-01,-1.015705987811088562e-01,7.141659855842590332e-01,8.505266904830932617e-02,-2.705942988395690918e-01,1.221660614013671875e+00,2.443450450897216797e+00
6.045906543731689453e-01,-1.746295809745788574e+00,1.083457112312316895e+00,4.566710069775581360e-02,-6.787292659282684326e-02,-5.973015427589416504e-01,-7.978336811065673828e-01,-7.871130853891372681e-02,-2.231276631355285645e-01,1.379374265670776367e-01,1.160860419273376465e+00,1.782767176628112793e+00,5.143977999687194824e-01,-3.286446034908294678e-01,9.075182080268859863e-01,-2.106696128845214844e+00,8.544794321060180664e-01,1.514582335948944092e-01,-2.250458747148513794e-01,1.672554463148117065e-01,7.141659855842590332e-01,8.081435412168502808e-02,3.632927834987640381e-01,1.221660614013671875e+00,2.443450450897216797e+00,6.097355112433433533e-02,-2.452559024095535278e-01,-1.017833650112152100e-01,7.141659855842590332e-01,8.836679160594940186e-02,-2.735716104507446289e-01,1.221660614013671875e+00,2.443450450897216797e+00
5.973452925682067871e-01,-1.749665617942810059e+00,1.083873271942138672e+00,4.582199081778526306e-02,-6.537193804979324341e-02,-6.033513545989990234e-01,-7.934696078300476074e-01,-8.418846875429153442e-02,-2.002276033163070679e-01,1.254563778638839722e-01,1.168781161308288574e+00,1.795469164848327637e+00,5.067717432975769043e-01,-3.167320191860198975e-01,9.113491773605346680e-01,-2.100870847702026367e+00,8.557395339012145996e-01,1.484822928905487061e-01,-2.330465912818908691e-01,1.657970100641250610e-01,7.141659855842590332e-01,6.582808494567871094e-02,3.617390990257263184e-01,1.221660614013671875e+00,2.443450450897216797e+00,4.791811853647232056e-02,-2.447908669710159302e-01,-1.028992459177970886e-01,7.141659855842590332e-01,8.913783729076385498e-02,-2.774572968482971191e-01,1.221660614013671875e+00,2.443450450897216797e+00
5.888746976852416992e-01,-1.752790331840515137e+00,1.084702253341674805e+00,4.583808034658432007e-02,-6.300370395183563232e-02,-6.090398430824279785e-01,-7.893034219741821289e-01,-9.008052945137023926e-02,-1.820190101861953735e-01,1.081359609961509705e-01,1.174636483192443848e+00,1.818423390388488770e+00,5.143117308616638184e-01,-3.047386407852172852e-01,9.115366935729980469e-01,-2.099976539611816406e+00,8.572474718093872070e-01,1.420746296644210815e-01,-2.384081184864044189e-01,1.618056148290634155e-01,7.141659855842590332e-01,5.833898484706878662e-02,3.589953780174255371e-01,1.221660614013671875e+00,2.443450450897216797e+00,3.483163565397262573e-02,-2.440151274204254150e-01,-1.051654443144798279e-01,7.141659855842590332e-01,8.765009045600891113e-02,-2.824637889862060547e-01,1.221660614013671875e+00,2.443450450897216797e+00
5.799499750137329102e-01,-1.755890488624572754e+00,1.085337162017822266e+00,4.540571942925453186e-02,-6.054412573575973511e-02,-6.142367124557495117e-01,-7.854845523834228516e-01,-9.608931094408035278e-02,-1.676111817359924316e-01,8.809519559144973755e-02,1.179623007774353027e+00,1.850227713584899902e+00,5.353894829750061035e-01,-2.925474345684051514e-01,9.092546701431274414e-01,-2.104149818420410156e+00,8.596652746200561523e-01,1.323122680187225342e-01,-2.412832528352737427e-01,1.573744118213653564e-01,7.141659855842590332e-01,5.447989702224731445e-02,3.559356033802032471e-01,1.221660614013671875e+00,2.443450450897216797e+00,2.275109663605690002e-02,-2.422627508640289307e-01,-1.091460064053535461e-01,7.141659855842590332e-01,8.565162867307662964e-02,-2.884202003479003906e-01,1.221660614013671875e+00,2.443450450897216797e+00
5.714101195335388184e-01,-1.758707523345947266e+00,1.085855484008789062e+00,4.459699988365173340e-02,-5.824246630072593689e-02,-6.189472079277038574e-01,-7.819995284080505371e-01,-1.013572290539741516e-01,-1.565743833780288696e-01,6.638641655445098877e-02,1.183520317077636719e+00,1.886767387390136719e+00,5.661923885345458984e-01,-2.791073918342590332e-01,9.060532450675964355e-01,-2.112516641616821289e+00,8.639380931854248047e-01,1.201197281479835510e-01,-2.420680522918701172e-01,1.528472304344177246e-01,7.141659855842590332e-01,5.330403894186019897e-02,3.529910147190093994e-01,1.221660614013671875e+00,2.443450450897216797e+00,1.161694992333650589e-02,-2.402536273002624512e-01,-1.142849624156951904e-01,7.141659855842590332e-01,8.400097489356994629e-02,-2.951544821262359619e-01,1.221660614013671875e+00,2.443450450897216797e+00
5.634539127349853516e-01,-1.760902047157287598e+00,1.086415529251098633e+00,4.356737807393074036e-02,-5.614008754491806030e-02,-6.233510971069335938e-01,-7.787063121795654297e-01,-1.052972450852394104e-01,-1.480886936187744141e-01,4.423127695918083191e-02,1.185588836669921875e+00,1.924154996871948242e+00,6.011140942573547363e-01,-2.635163366794586182e-01,9.039633870124816895e-01,-2.122908592224121094e+00,8.706817626953125000e-01,1.068028956651687622e-01,-2.411855012178421021e-01,1.482483446598052979e-01,7.141659855842590332e-01,5.391301587224006653e-02,3.505490124225616455e-01,1.221660614013671875e+00,2.443450450897216797e+00,1.206377870403230190e-03,-2.380881458520889282e-01,-1.198102310299873352e-01,7.141659855842590332e-01,8.383323997259140015e-02,-3.025168478488922119e-01,1.221660614013671875e+00,2.443450450897216797e+00
5.562877058982849121e-01,-1.762874364852905273e+00,1.086854338645935059e+00,4.254770651459693909e-02,-5.422676727175712585e-02,-6.273024678230285645e-01,-7.757195234298706055e-01,-1.076822727918624878e-01,-1.411561071872711182e-01,2.343316935002803802e-02,1.185539484024047852e+00,1.960440278053283691e+00,6.360674500465393066e-01,-2.461847662925720215e-01,9.042780995368957520e-01,-2.134226083755493164e+00,8.811974525451660156e-01,9.379751235246658325e-02,-2.399419993162155151e-01,1.441643238067626953e-01,7.141659855842590332e-01,5.497833713889122009e-02,3.485997915267944336e-01,1.221660614013671875e+00,2.443450450897216797e+00,-8.261323906481266022e-03,-2.342675030231475830e-01,-1.253658533096313477e-01,7.141659855842590332e-01,8.399808406829833984e-02,-3.101720809936523438e-01,1.221660614013671875e+00,2.443450450897216797e+00
5.498805046081542969e-01,-1.764783024787902832e+00,1.087113499641418457e+00,4.114498943090438843e-02,-5.232021585106849670e-02,-6.307214498519897461e-01,-7.731494903564453125e-01,-1.081868410110473633e-01,-1.349960565567016602e-01,4.828158766031265259e-03,1.183310389518737793e+00,1.994153261184692383e+00,6.684944033622741699e-01,-2.280001193284988403e-01,9.078136086463928223e-01,-2.146025896072387695e+00,8.961548805236816406e-01,8.117506653070449829e-02,-2.384001314640045166e-01,1.410249918699264526e-01,7.141659855842590332e-01,5.711544677615165710e-02,3.478204905986785889e-01,1.221660614013671875e+00,2.443450450897216797e+00,-1.612795889377593994e-02,-2.307461947202682495e-01,-1.305357366800308228e-01,7.141659855842590332e-01,8.415669202804565430e-02,-3.167093694210052490e-01,1.221660614013671875e+00,2.443450450897216797e+00
5.446372628211975098e-01,-1.766828179359436035e+00,1.087280511856079102e+00,3.963188827037811279e-02,-5.028497427701950073e-02,-6.337263584136962891e-01,-7.709031105041503906e-01,-1.071715652942657471e-01,-1.289747357368469238e-01,-1.085505634546279907e-02,1.178817033767700195e+00,2.023374795913696289e+00,6.961290836334228516e-01,-2.091352641582489014e-01,9.150484204292297363e-01,-2.157899618148803711e+00,9.153803586959838867e-01,7.006614655256271362e-02,-2.346216142177581787e-01,1.375413537025451660e-01,7.141659855842590332e-01,5.794275179505348206e-02,3.468227684497833252e-01,1.221660614013671875e+00,2.443450450897216797e+00,-2.312367409467697144e-02,-2.269991040229797363e-01,-1.346492618322372437e-01,7.141659855842590332e-01,8.435706794261932373e-02,-3.215715885162353516e-01,1.221660614013671875e+00,2.443450450897216797e+00
5.406357645988464355e-01,-1.768192768096923828e+00,1.087453961372375488e+00,3.794480860233306885e-02,-4.824253916740417480e-02,-6.362553238868713379e-01,-7.690331935882568359e-01,-1.044327542185783386e-01,-1.230088695883750916e-01,-2.240463159978389740e-02,1.172873854637145996e+00,2.047260999679565430e+00,7.166822552680969238e-01,-1.904709190130233765e-01,9.250834584236145020e-01,-2.169251203536987305e+00,9.366052746772766113e-01,6.035940721631050110e-02,-2.295549809932708740e-01,1.346040666103363037e-01,7.141659855842590332e-01,5.808250978589057922e-02,3.460091352462768555e-01,1.221660614013671875e+00,2.443450450897216797e+00,-2.931339479982852936e-02,-2.221799492835998535e-01,-1.380298733711242676e-01,7.141659855842590332e-01,8.474846929311752319e-02,-3.246211111545562744e-01,1.221660614013671875e+00,2.443450450897216797e+00
5.377191305160522461e-01,-1.768595457077026367e+00,1.087620496749877930e+00,3.577949106693267822e-02,-4.608784615993499756e-02,-6.380720138549804688e-01,-7.677628993988037109e-01,-9.964009374380111694e-02,-1.168681234121322632e-01,-2.986676059663295746e-02,1.165860056877136230e+00,2.066675662994384766e+00,7.295836806297302246e-01,-1.724038571119308472e-01,9.368954896926879883e-01,-2.179560661315917969e+00,9.576584100723266602e-01,5.208876729011535645e-02,-2.233817726373672485e-01,1.334520578384399414e-01,7.141659855842590332e-01,5.940073728561401367e-02,3.473937213420867920e-01,1.221660614013671875e+00,2.443450450897216797e+00,-3.480665758252143860e-02,-2.155804485082626343e-01,-1.413458436727523804e-01,7.141659855842590332e-01,8.517549186944961548e-02,-3.260414302349090576e-01,1.221660614013671875e+00,2.443450450897216797e+00
5.358653068542480469e-01,-1.768749952316284180e+00,1.087886095046997070e+00,3.358135744929313660e-02,-4.391626641154289246e-02,-6.395058035850524902e-01,-7.667959332466125488e-01,-9.373518824577331543e-02,-1.104971691966056824e-01,-3.354533016681671143e-02,1.158161640167236328e+00,2.082159996032714844e+00,7.353485226631164551e-01,-1.566670984029769897e-01,9.488977789878845215e-01,-2.188866376876831055e+00,9.762949943542480469e-01,4.519874230027198792e-02,-2.158056646585464478e-01,1.321407407522201538e-01,7.141659855842590332e-01,6.059939786791801453e-02,3.499471545219421387e-01,1.221660614013671875e+00,2.443450450897216797e+00,-3.973948583006858826e-02,-2.085686773061752319e-01,-1.436518728733062744e-01,7.141659855842590332e-01,8.561293780803680420e-02,-3.267590403556823730e-01,1.221660614013671875e+00,2.443450450897216797e+00
5.346637368202209473e-01,-1.768572330474853516e+00,1.088081359863281250e+00,3.146402537822723389e-02,-4.192460328340530396e-02,-6.407146453857421875e-01,-7.659876942634582520e-01,-8.729089051485061646e-02,-1.042945459485054016e-01,-3.376591950654983521e-02,1.150041818618774414e+00,2.095129013061523438e+00,7.350375056266784668e-01,-1.451369822025299072e-01,9.590869545936584473e-01,-2.197503328323364258e+00,9.905841350555419922e-01,3.921132907271385193e-02,-2.082704007625579834e-01,1.311454176902770996e-01,7.141659855842590332e-01,6.151450425386428833e-02,3.530549108982086182e-01,1.221660614013671875e+00,2.443450450897216797e+00,-4.385219141840934753e-02,-2.016559690237045288e-01,-1.455675065517425537e-01,7.141659855842590332e-01,8.559916168451309204e-02,-3.270781040191650391e-01,1.221660614013671875e+00,2.443450450897216797e+00
5.338920354843139648e-01,-1.767746925354003906e+00,1.088250637054443359e+00,2.961153909564018250e-02,-4.024301841855049133e-02,-6.417400836944580078e-01,-7.652929425239562988e-01,-8.078292757272720337e-02,-9.843066334724426270e-02,-3.154472634196281433e-02,1.142231345176696777e+00,2.106368541717529297e+00,7.310852408409118652e-01,-1.382112503051757812e-01,9.661716222763061523e-01,-2.205679178237915039e+00,9.994428157806396484e-01,3.372812643647193909e-02,-2.009613662958145142e-01,1.303921937942504883e-01,7.141659855842590332e-01,6.207491457462310791e-02,3.563015460968017578e-01,1.221660614013671875e+00,2.443450450897216797e+00,-4.683418571949005127e-02,-1.948932856321334839e-01,-1.473174840211868286e-01,7.141659855842590332e-01,8.493681252002716064e-02,-3.271202147006988525e-01,1.221660614013671875e+00,2.443450450897216797e+00
5.336004495620727539e-01,-1.766675233840942383e+00,1.088423609733581543e+00,2.796062827110290527e-02,-3.890281915664672852e-02,-6.426004767417907715e-01,-7.647021412849426270e-01,-7.481675595045089722e-02,-9.325473010540008545e-02,-2.748939953744411469e-02,1.135238170623779297e+00,2.116859912872314453e+00,7.252573370933532715e-01,-1.357268840074539185e-01,9.697413444519042969e-01,-2.214144706726074219e+00,1.003261089324951172e+00,2.879276499152183533e-02,-1.942281723022460938e-01,1.298054158687591553e-01,7.141659855842590332e-01,6.195722147822380066e-02,3.594324290752410889e-01,1.221660614013671875e+00,2.443450450897216797e+00,-4.908180236816406250e-02,-1.886682808399200439e-01,-1.488482356071472168e-01,7.141659855842590332e-01,8.397899568080902100e-02,-3.270903229713439941e-01,1.221660614013671875e+00,2.443450450897216797e+00
5.332278013229370117e-01,-1.765826225280761719e+00,1.088539004325866699e+00,2.660419419407844543e-02,-3.788054734468460083e-02,-6.433797478675842285e-01,-7.641464471817016602e-01,-7.001048326492309570e-02,-8.948922157287597656e-02,-2.257020771503448486e-02,1.129828810691833496e+00,2.126044034957885742e+00,7.187656760215759277e-01,-1.371472775936126709e-01,9.703402519226074219e-01,-2.223144531250000000e+00,1.002991557121276855e+00,2.432144619524478912e-02,-1.888455897569656372e-01,1.292501538991928101e-01,7.141659855842590332e-01,6.155586615204811096e-02,3.616032004356384277e-01,1.221660614013671875e+00,2.443450450897216797e+00,-5.111258104443550110e-02,-1.837603151798248291e-01,-1.503689140081405640e-01,7.141659855842590332e-01,8.266742527484893799e-02,-3.272134959697723389e-01,1.221660614013671875e+00,2.443450450897216797e+00
5.332018733024597168e-01,-1.764571309089660645e+00,1.088634014129638672e+00,2.562656253576278687e-02,-3.725603967905044556e-02,-6.441885828971862793e-01,-7.635288834571838379e-01,-6.647521257400512695e-02,-8.698850125074386597e-02,-1.802497915923595428e-02,1.126052975654602051e+00,2.132624626159667969e+00,7.119569778442382812e-01,-1.410430967807769775e-01,9.687256217002868652e-01,-2.232084512710571289e+00,1.000486135482788086e+00,2.079451270401477814e-02,-1.845919191837310791e-01,1.288878172636032104e-01,7.141659855842590332e-01,6.075557693839073181e-02,3.623708486557006836e-01,1.221660614013671875e+00,2.443450450897216797e+00,-5.309687554836273193e-02,-1.796747148036956787e-01,-1.515012383460998535e-01,7.141659855842590332e-01,8.061872422695159912e-02,-3.276101946830749512e-01,1.221660614013671875e+00,2.443450450897216797e+00
